filename,width,height,class,xmin,ymin,xmax,ymax
photo_2021-11-13_22-52-40_jpg.rf.f2ec20cdb3c69962b3988b07af80a0f3.jpg,416,416,Bushes,100,0,323,204
360_F_432072030_1ZJgjgkx5ZAbfkLXfaEeaLEpcSNReRfW_jpg.rf.ee768caebc6ae7958df4d6c11d8936e9.jpg,416,416,Bushes,14,45,414,399
photo_2021-11-13_22-52-42--3-_jpg.rf.f12275948c51f07429d9cabae053ae42.jpg,416,416,Bushes,150,0,294,224
istockphoto-1155831768-612x612_jpg.rf.eb7c207374620c200dbc4adbea2fabdb.jpg,416,416,Bushes,31,46,411,415
images_jpg.rf.ef90566bef5f6ba31dbb4ae3575f940d.jpg,416,416,Bushes,112,73,316,359
istockphoto-185726237-612x612_jpg.rf.edb45d83d501c08b2664ad67021c156a.jpg,416,416,Bushes,30,40,390,272
Jubilation-Gardenia_jpg.rf.f12afe088b8d00c43e652585141b9e95.jpg,416,416,Bushes,9,42,384,390
burning-bush_jpg.rf.ebaa7707240a259b6296f8e56ac567f6.jpg,416,416,Bushes,32,44,392,348
burning-bush_jpg.rf.eb1b9cae990d7126406d35a941db5431.jpg,416,416,Bushes,37,50,388,343
20220423_201112_jpg.rf.e94aaf95f986b97b4fefb32150935678.jpg,416,416,Bushes,112,4,314,321
20220423_201050_jpg.rf.eab732dba24b221a18e88a9d6cf7304c.jpg,416,416,Bushes,103,24,326,347
20220423_201041_jpg.rf.e9d3415131a3794056da4a8afd99927c.jpg,416,416,Bushes,115,32,314,339
0006_color_jpeg.rf.ebf58e203652fba8cab130d688437326.jpg,416,416,Bushes,97,0,249,371
0006_color_jpeg.rf.ebf58e203652fba8cab130d688437326.jpg,416,416,Bushes,242,1,415,415
istockphoto-477721066-612x612_jpg.rf.ef94141c5b1f17efc6964ef6dfec614f.jpg,416,416,Bushes,318,151,385,260
istockphoto-477721066-612x612_jpg.rf.ef94141c5b1f17efc6964ef6dfec614f.jpg,416,416,Bushes,234,160,336,293
istockphoto-477721066-612x612_jpg.rf.ef94141c5b1f17efc6964ef6dfec614f.jpg,416,416,Bushes,18,159,124,306
istockphoto-477721066-612x612_jpg.rf.ef94141c5b1f17efc6964ef6dfec614f.jpg,416,416,Bushes,103,162,252,328
photo_2021-11-13_22-52-46--6-_jpg.rf.eb0baa36bab8e4ef7d7a3d7c1c498698.jpg,416,416,Bushes,129,0,274,278
api_thumb_450--3-_jpg.rf.e9377130981720cb0034fc552394c8a4.jpg,416,416,Bushes,29,37,389,385
20220423_201112_jpg.rf.f057c21f0a02e773d20ed863a5133a1e.jpg,416,416,Bushes,114,5,311,320
How-to-add-IMPACT-to-your-Gardens_jpg.rf.e9cfad87bbb3655bb052dc5de76d552c.jpg,416,416,Bushes,40,45,398,382
photo_2021-11-13_22-52-38_jpg.rf.ea51a0d241aa971d5303367d8850dfcc.jpg,416,416,Bushes,256,4,415,304
photo_2021-11-13_22-52-38_jpg.rf.ea51a0d241aa971d5303367d8850dfcc.jpg,416,416,Bushes,112,0,286,303
photo_2021-11-13_22-52-38_jpg.rf.ea51a0d241aa971d5303367d8850dfcc.jpg,416,416,Bushes,0,0,139,308
20220423_201150_jpg.rf.f20873245c236063c8b5221da35c55e0.jpg,416,416,Bushes,78,0,299,335
b390499fb3dcdf0246211ae3dac261aa_jpg.rf.efd443ece86078f447098dc464a3e77c.jpg,416,416,Bushes,203,17,415,216
b390499fb3dcdf0246211ae3dac261aa_jpg.rf.efd443ece86078f447098dc464a3e77c.jpg,416,416,Bushes,21,20,186,219
b390499fb3dcdf0246211ae3dac261aa_jpg.rf.efd443ece86078f447098dc464a3e77c.jpg,416,416,Bushes,203,229,397,414
b390499fb3dcdf0246211ae3dac261aa_jpg.rf.efd443ece86078f447098dc464a3e77c.jpg,416,416,Bushes,4,237,165,414
evergreen-shrubs-1645891288_jpeg.rf.ebb5242fdb31a28db06d98247c4cc4f8.jpg,416,416,Bushes,22,25,136,235
evergreen-shrubs-1645891288_jpeg.rf.ebb5242fdb31a28db06d98247c4cc4f8.jpg,416,416,Bushes,121,18,256,266
evergreen-shrubs-1645891288_jpeg.rf.ebb5242fdb31a28db06d98247c4cc4f8.jpg,416,416,Bushes,275,53,396,302
evergreen-shrubs-1645891288_jpeg.rf.ebb5242fdb31a28db06d98247c4cc4f8.jpg,416,416,Bushes,0,180,173,367
evergreen-shrubs-1645891288_jpeg.rf.ebb5242fdb31a28db06d98247c4cc4f8.jpg,416,416,Bushes,157,208,347,402
buisson-d-usine-d-isolement-ficus-carica-35609358_jpg.rf.f452c891d821ba06ac4fdc03abbe5d9a.jpg,416,416,Bushes,0,23,404,375
20220423_200858_jpg.rf.ed6ba8938e76f253874afbb83fc0ab38.jpg,416,416,Bushes,118,32,290,256
Best-Foundation-Plants-for-Stellar-Curb-Appeal_jpg.rf.f5a9aaff09cbdde42c4acc6cb2790791.jpg,416,416,Bushes,61,27,336,378
istockphoto-483372919-612x612_jpg.rf.f712be797d1d29affd1ea86ae48cdee6.jpg,416,416,Bushes,203,226,265,296
istockphoto-483372919-612x612_jpg.rf.f712be797d1d29affd1ea86ae48cdee6.jpg,416,416,Bushes,139,215,222,315
istockphoto-483372919-612x612_jpg.rf.f712be797d1d29affd1ea86ae48cdee6.jpg,416,416,Bushes,241,228,318,327
istockphoto-483372919-612x612_jpg.rf.f712be797d1d29affd1ea86ae48cdee6.jpg,416,416,Bushes,309,239,401,343
images--3-_jpg.rf.f4a3dcdeae011ac232b52aba18d8bcd2.jpg,416,416,Bushes,4,18,412,395
images--1-_jpg.rf.f5b787e0f107ee62a15ece05de94a6b9.jpg,416,416,Bushes,324,246,378,386
images--1-_jpg.rf.f5b787e0f107ee62a15ece05de94a6b9.jpg,416,416,Bushes,347,252,399,389
images--1-_jpg.rf.f5b787e0f107ee62a15ece05de94a6b9.jpg,416,416,Bushes,290,252,326,389
images--1-_jpg.rf.f5b787e0f107ee62a15ece05de94a6b9.jpg,416,416,Bushes,186,248,236,401
images--1-_jpg.rf.f5b787e0f107ee62a15ece05de94a6b9.jpg,416,416,Bushes,232,255,271,400
images--1-_jpg.rf.f5b787e0f107ee62a15ece05de94a6b9.jpg,416,416,Bushes,34,257,81,399
images--1-_jpg.rf.f5b787e0f107ee62a15ece05de94a6b9.jpg,416,416,Bushes,257,260,305,396
images--1-_jpg.rf.f5b787e0f107ee62a15ece05de94a6b9.jpg,416,416,Bushes,61,261,105,399
images--1-_jpg.rf.f5b787e0f107ee62a15ece05de94a6b9.jpg,416,416,Bushes,107,257,151,405
images--1-_jpg.rf.f5b787e0f107ee62a15ece05de94a6b9.jpg,416,416,Bushes,150,260,190,402
istockphoto-695907056-612x612_jpg.rf.f31276b31bbaa18e0b75b1dcbdf27802.jpg,416,416,Bushes,13,50,409,370
20220423_200822_jpg.rf.fb61126a20bedb2e84063acf00c150b7.jpg,416,416,Bushes,4,0,415,312
20220423_200927_jpg.rf.f827e92d46b2696e319c1eee74c79f20.jpg,416,416,Bushes,116,0,344,292
photo_2021-11-13_22-52-49_jpg.rf.fa0dad99e644a43c7e041f0e353d962d.jpg,416,416,Bushes,174,1,271,192
boxwood-globe-wintergreen-24-10-gal_jpg.rf.f937376b29a279a5fa0cddb0fc170efa.jpg,416,416,Bushes,10,41,415,415
20220423_201058_jpg.rf.f23fa7401c748c5e790891e0a915005a.jpg,416,416,Bushes,83,0,318,371
20220423_201058_jpg.rf.fc0ca4a16768b76fd3dbaa715715f29c.jpg,416,416,Bushes,76,0,330,376
api_thumb_450--2-_jpg.rf.fb03f29f534ccebf351540e1c99285e1.jpg,416,416,Bushes,13,28,409,415
Hedge_bush_plant_jpg.rf.f89fbeb70b71fd3fa8329142be1727e6.jpg,416,416,Bushes,14,29,392,360
flowerwood-bushes-06103fl-e1_600_jpg.rf.f5b52c055cddab5dac60e55ce0c7a123.jpg,416,416,Bushes,0,0,415,415
photo_2021-11-13_22-52-50_jpg.rf.fa70a74325a17f72e35767f0ac76481b.jpg,416,416,Bushes,109,91,243,224
10-Evergreens-to-Beautify-Your-Garden-Year-Round_jpg.rf.fc24999c3089e8144200bfd1c0e34546.jpg,416,416,Bushes,0,0,415,415
image_jpg.rf.f455ce50774f083a675282eca19634ff.jpg,416,416,Bushes,125,255,410,415
flowerwood-bushes-06103fl-e1_600_jpg.rf.fbc25e9f0e60a96d7724ea581a58edeb.jpg,416,416,Bushes,0,5,415,415
how-to-plant-a-bush_jpg.rf.f6ea9356bf03bd68594f145326907ed4.jpg,416,416,Bushes,4,12,406,415
12-Best-Low-Maintenance-Evergreen-Shrubs-For-Front-Of-House_jpg.rf.fc00082200e13701a78d4232c4a39850.jpg,416,416,Bushes,45,40,362,330
360_F_40437534_fGFnFeaxv5BbOx5sWfQeFuy3VtHAx0TS_jpg.rf.fa1c0015fa7efc19f717a006f73af3ab.jpg,416,416,Bushes,20,28,383,402
bush_noun_002_04999_jpg.rf.fc69a3c3bdf1ff8ec7d420f2000da08b.jpg,416,416,Bushes,20,10,415,376
Momber_jpg.rf.f87abe192aec1e5323b32b3a06e29f66.jpg,416,416,Bushes,26,40,401,334
istockphoto-1155831768-612x612_jpg.rf.ffeab6c975de79e2dd687b509871f1d8.jpg,416,416,Bushes,11,52,379,408
Golden-Euonymus_jpg.rf.ff2075cd8f05177e9cb0937cfa73ae1e.jpg,416,416,Bushes,60,128,361,389
Best-Foundation-Plants-for-Stellar-Curb-Appeal_jpg.rf.fe221038f602477584190fe4932d91fd.jpg,416,416,Bushes,61,27,336,378
Helen-Corbet-Taxus-_-Spring-Meadow---wholesale-liners---Spring-Meadow-Nursery_jpg.rf.ff9b0df5279262ab2f2e45f94c9606c9.jpg,416,416,Bushes,48,88,382,350
photo_2021-11-13_22-52-48--2-_jpg.rf.fe34480ce45e101705438233df94a3a3.jpg,416,416,Bushes,124,0,308,227
16-02A-088-550x550_jpg.rf.f46fffe0503cd463c244d85c860c1ec7.jpg,416,416,Bushes,73,1,415,415
api_thumb_450--8-_jpg.rf.ecdd70fe78ff86fae38af7b338706de9.jpg,416,416,Bushes,0,24,387,404
istockphoto-1186971840-612x612_jpg.rf.fa77b0a6841d9565a58d3802773b8eb3.jpg,416,416,Bushes,3,66,415,401
istockphoto-683054626-612x612_jpg.rf.ff19a8cd0fa0a9b1f087c70408da0256.jpg,416,416,Bushes,36,104,391,344
photo_2021-11-13_22-52-41_jpg.rf.0131d6dd480ebfb6b2f5569e8da48e2b.jpg,416,416,Bushes,104,0,333,218
Momber_jpg.rf.004cd0fad92c0acf832eaa4358eaa025.jpg,416,416,Bushes,11,41,386,335
Green-Mountain-Boxwood_jpg.rf.039694ecef0b07bfc432005ee8e243e4.jpg,416,416,Bushes,93,35,337,387
20220423_201014_jpg.rf.049da193ae2b1231207883a1bc9e33a3.jpg,416,416,Bushes,88,7,301,378
istockphoto-1251434169-612x612_jpg.rf.0148e18933ad2db0376fa3e66a900c75.jpg,416,416,Bushes,23,34,377,382
buisson-d-usine-d-isolement-ficus-carica-35609358_jpg.rf.00c148ea053de40c547600bbe0094775.jpg,416,416,Bushes,16,29,410,369
20220423_200858_jpg.rf.0070c3dc5c0eb9fe56c978d6a7963f9c.jpg,416,416,Bushes,130,33,298,254
photo_2021-11-13_22-52-51_jpg.rf.049e9e30f90e9b8655f0765ff439daf8.jpg,416,416,Bushes,144,0,399,194
photo_2021-11-13_22-52-49--2-_jpg.rf.0102296348ac007d18d167328e350915.jpg,416,416,Bushes,151,1,287,231
20220423_200855_jpg.rf.0440e0cb77a6b7fcf1da47a14f4297a8.jpg,416,416,Bushes,72,50,344,362
photo_2021-11-13_22-52-48--2-_jpg.rf.04b61785507f7631ffecf9e2daf23c0d.jpg,416,416,Bushes,117,0,294,224
istockphoto-516900924-612x612_jpg.rf.023e85e0b100808c72d4086ef3d50372.jpg,416,416,Bushes,25,36,398,356
bottlebrush-bush-red-cluster-500_jpg.rf.0991929e9d84bc063283a6561c6fd724.jpg,416,416,Bushes,14,46,412,397
Clipped-Cone-Japanese-Yew--Capitata---Taxus-cuspidata--_-My-Garden-Life_jpg.rf.064da700a0b7febadc16110c0a40ce46.jpg,416,416,Bushes,61,3,362,415
20220423_201009_jpg.rf.014f161274f98e1c061c79cb69a96734.jpg,416,416,Bushes,102,39,307,338
F587-22_jpg.rf.0722c5cd1f43ba4e03059968f4de3995.jpg,416,416,Bushes,63,66,366,377
istockphoto-477721066-612x612_jpg.rf.070486c8256e9aae35b8fa76eca64d82.jpg,416,416,Bushes,32,151,99,260
istockphoto-477721066-612x612_jpg.rf.070486c8256e9aae35b8fa76eca64d82.jpg,416,416,Bushes,81,160,183,293
istockphoto-477721066-612x612_jpg.rf.070486c8256e9aae35b8fa76eca64d82.jpg,416,416,Bushes,293,159,399,306
istockphoto-477721066-612x612_jpg.rf.070486c8256e9aae35b8fa76eca64d82.jpg,416,416,Bushes,165,162,314,328
20220423_201112_jpg.rf.09ef607efb94c955d1b6f16c6d7577f4.jpg,416,416,Bushes,113,8,299,317
istockphoto-1126392100-612x612_jpg.rf.07667a835b8d8f0cd77164e578bd2add.jpg,416,416,Bushes,17,35,381,244
photo_2021-11-13_22-52-52_jpg.rf.022e809b3db5529d59f671d2c2ba87ea.jpg,416,416,Bushes,39,58,354,247
istockphoto-542586566-612x612_jpg.rf.0d721bab99bbfe417a954096ac489cdd.jpg,416,416,Bushes,44,36,381,364
78711b9d4ced5d838e7ca442933622d2_jpg.rf.0d65b86cfd965d68cb6f313d8dcb3a52.jpg,416,416,Bushes,0,0,415,415
bush_132902558_jpg.rf.06ae4eae8e453303d1645bb12e30b1bb.jpg,416,416,Bushes,5,16,415,413
20220423_201029_jpg.rf.0aa817e7d6e07e3bc56c83de121f61a4.jpg,416,416,Bushes,102,0,324,352
boxwood-globe-wintergreen-24-10-gal_jpg.rf.0a8423ee6ade15c5ea2029144f0f6324.jpg,416,416,Bushes,6,42,415,415
Boxwood---FineGardening_jpg.rf.08158e65e644d35a2bc9bdf5a3ca2cfd.jpg,416,416,Bushes,8,0,412,415
photo_2021-11-13_22-52-52_jpg.rf.0e651dd6dcc7f7e8101105d8e5aeeaf1.jpg,416,416,Bushes,61,51,385,256
Abies-koreana-Silver-Show------_-14---------------------------------_---------_jpg.rf.04f526d4e9797503b9c8bf144547edf9.jpg,416,416,Bushes,52,62,386,341
istockphoto-516900924-612x612_jpg.rf.0e54e645c2a39d19f233501474ef5e00.jpg,416,416,Bushes,30,42,392,350
photo_2021-11-13_22-52-46--3-_jpg.rf.0867eb2155e8500d177159de106d213a.jpg,416,416,Bushes,143,0,351,320
istockphoto-1186971840-612x612_jpg.rf.03a37a452f04f8c7d3292d29f98182c0.jpg,416,416,Bushes,1,73,409,394
api_thumb_450--13-_jpg.rf.0e7d6d2620427ce4ab0c597910d9ef27.jpg,416,416,Bushes,15,12,407,415
depositphotos_9658135-stock-photo-japanese-aralia-bush-isolated-on--2-_jpg.rf.172c5af8ab1e836b91de7ee2d0efe1e1.jpg,416,416,Bushes,9,39,401,395
cadnav-151224210J6_jpg.rf.10a16aec420772630bb7543f2ddbce2e.jpg,416,416,Bushes,9,24,410,413
images--1-_jpg.rf.11759dac1689e9904eadb089590a5132.jpg,416,416,Bushes,40,248,96,389
images--1-_jpg.rf.11759dac1689e9904eadb089590a5132.jpg,416,416,Bushes,18,254,73,392
images--1-_jpg.rf.11759dac1689e9904eadb089590a5132.jpg,416,416,Bushes,91,253,130,391
images--1-_jpg.rf.11759dac1689e9904eadb089590a5132.jpg,416,416,Bushes,181,247,234,401
images--1-_jpg.rf.11759dac1689e9904eadb089590a5132.jpg,416,416,Bushes,146,255,188,401
images--1-_jpg.rf.11759dac1689e9904eadb089590a5132.jpg,416,416,Bushes,336,254,385,397
images--1-_jpg.rf.11759dac1689e9904eadb089590a5132.jpg,416,416,Bushes,112,261,163,398
images--1-_jpg.rf.11759dac1689e9904eadb089590a5132.jpg,416,416,Bushes,312,259,359,397
images--1-_jpg.rf.11759dac1689e9904eadb089590a5132.jpg,416,416,Bushes,266,255,313,404
images--1-_jpg.rf.11759dac1689e9904eadb089590a5132.jpg,416,416,Bushes,228,259,270,402
20220423_201050_jpg.rf.0dfe7743c7e804336eefff1a852193ff.jpg,416,416,Bushes,106,25,323,345
20220423_200843_jpg.rf.14c70898b7d961a9f1bd4628d1a2200f.jpg,416,416,Bushes,79,10,353,296
photo_2021-11-13_22-52-43_jpg.rf.0f54201450796fd781450a92341eaa06.jpg,416,416,Bushes,97,0,269,266
healthy-shrub--1-_jpg.rf.152764abcb16e4dccde54fc0afeb2678.jpg,416,416,Bushes,8,21,392,412
photo_2021-11-13_22-52-41--2-_jpg.rf.1dfa5f6e48b7fc9718827898c9d168ba.jpg,416,416,Bushes,74,0,379,213
08088734cd7ef90956ff95d2091852fe_jpg.rf.11c351651ac5274ffbaaf4372d36ce6e.jpg,416,416,Bushes,0,138,415,365
0006_color_jpeg.rf.1d1704dd3a2a157d2de9b3132364018e.jpg,416,416,Bushes,163,0,322,371
0006_color_jpeg.rf.1d1704dd3a2a157d2de9b3132364018e.jpg,416,416,Bushes,0,2,178,415
Abies-koreana-Silver-Show------_-14---------------------------------_---------_jpg.rf.0fb9331b385c85be6974655bb820caae.jpg,416,416,Bushes,22,49,374,351
20220423_201050_jpg.rf.0132f0bf19a8ebaf87fb0a1145c2d286.jpg,416,416,Bushes,106,27,318,343
cadnav-151224210J6_jpg.rf.03ec4cc19ad94cc19c42c8ff7248de97.jpg,416,416,Bushes,7,24,408,413
boxwood-planter_jpg.rf.19ee517db601fa3572df515ba950202b.jpg,416,416,Bushes,17,2,407,236
photo_2021-11-13_22-52-42--2-_jpg.rf.169c0beee513be52aa55fffa02dbd3fc.jpg,416,416,Bushes,149,0,329,253
istockphoto-495215293-612x612_jpg.rf.1c97612346bffb459de91f0c7a89c787.jpg,416,416,Bushes,104,33,334,304
bottlebrush-bush-red-cluster-500_jpg.rf.1c2e28be226d48dd4c5496d2114b99d6.jpg,416,416,Bushes,8,39,415,405
Document_jpg.rf.1e649d1263a8df76445b72f23cab50d6.jpg,416,416,Bushes,35,46,410,379
photo_2021-11-13_22-52-46--5-_jpg.rf.1bedd9be85909f61440311c7eefc1bcc.jpg,416,416,Bushes,166,10,264,243
photo_2021-11-13_22-52-39--2-_jpg.rf.1c19966be8c9b20f827cf894e16aeb7a.jpg,416,416,Bushes,238,0,408,284
photo_2021-11-13_22-52-39--2-_jpg.rf.1c19966be8c9b20f827cf894e16aeb7a.jpg,416,416,Bushes,0,0,139,289
photo_2021-11-13_22-52-39--2-_jpg.rf.1c19966be8c9b20f827cf894e16aeb7a.jpg,416,416,Bushes,139,0,233,294
istockphoto-495215293-612x612_jpg.rf.1c9a71f51fa491763a3c6a01a1b00f1f.jpg,416,416,Bushes,104,34,329,301
istockphoto-974523876-612x612_jpg.rf.1e24aba89ed3105fee99bd616501a745.jpg,416,416,Bushes,0,21,415,354
api_thumb_450--8-_jpg.rf.1fe6548adfe08ed5e538bb6bb5e25386.jpg,416,416,Bushes,28,26,415,406
Boxwood_Sprinter_1_49cdb4e111f850ba5ac9b61f69d53ac1_jpg.rf.1c82f044ffe9cf0696518af093180998.jpg,416,416,Bushes,27,73,400,375
Jubilation-Gardenia_jpg.rf.181a922c5140aae66b4492d7e1119708.jpg,416,416,Bushes,21,55,370,374
istockphoto-695907056-612x612_jpg.rf.1f1ee62b77bb543a05d71cc0b92a0f3a.jpg,416,416,Bushes,8,44,414,377
istockphoto-1126392100-612x612_jpg.rf.24a1e33f1a93296c1c2a51e5c659f39c.jpg,416,416,Bushes,41,42,399,238
20220423_201117_jpg.rf.22bf951f650aa98c069705f362021e46.jpg,416,416,Bushes,133,19,281,307
20220423_201158_jpg.rf.20ef50071d54547033ce12c977d55007.jpg,416,416,Bushes,58,50,215,275
images_jpg.rf.20539e8d96cf3d3ebee51599c8c45299.jpg,416,416,Bushes,109,79,295,353
api_thumb_450--7-_jpg.rf.260802a8fc8695a0f50f3bf67bc0e603.jpg,416,416,Bushes,0,7,402,415
20220423_201046_jpg.rf.1ab675ef2d7ace201b03ca76214465e2.jpg,416,416,Bushes,117,11,318,328
photo_2021-11-13_22-52-52--3-_jpg.rf.266e1eb1fa72a7bc720e7f3d8fef314b.jpg,416,416,Bushes,143,62,326,236
20220423_200912_jpg.rf.27439ef657c802d57c9a378e3c703c1e.jpg,416,416,Bushes,229,115,340,239
1570703783_111391_jpg.rf.2929e6dabc33f4bcbefa258bc60545f9.jpg,416,416,Bushes,58,0,372,413
73f85f2ce6bebbd1da94a20afe6a4f4f--1-_jpg.rf.23d93c29c814c2d6f9a62f0a47608fa9.jpg,416,416,Bushes,0,7,415,415
55b8fa2b19fe3739142293150a9bcbcb_jpg.rf.27ddd08c685f2e2be56232f9b8b90c99.jpg,416,416,Bushes,43,89,112,174
55b8fa2b19fe3739142293150a9bcbcb_jpg.rf.27ddd08c685f2e2be56232f9b8b90c99.jpg,416,416,Bushes,113,89,195,184
55b8fa2b19fe3739142293150a9bcbcb_jpg.rf.27ddd08c685f2e2be56232f9b8b90c99.jpg,416,416,Bushes,0,118,76,211
55b8fa2b19fe3739142293150a9bcbcb_jpg.rf.27ddd08c685f2e2be56232f9b8b90c99.jpg,416,416,Bushes,92,136,160,221
55b8fa2b19fe3739142293150a9bcbcb_jpg.rf.27ddd08c685f2e2be56232f9b8b90c99.jpg,416,416,Bushes,168,137,244,232
55b8fa2b19fe3739142293150a9bcbcb_jpg.rf.27ddd08c685f2e2be56232f9b8b90c99.jpg,416,416,Bushes,227,178,330,288
55b8fa2b19fe3739142293150a9bcbcb_jpg.rf.27ddd08c685f2e2be56232f9b8b90c99.jpg,416,416,Bushes,136,182,246,305
55b8fa2b19fe3739142293150a9bcbcb_jpg.rf.27ddd08c685f2e2be56232f9b8b90c99.jpg,416,416,Bushes,39,190,135,303
55b8fa2b19fe3739142293150a9bcbcb_jpg.rf.27ddd08c685f2e2be56232f9b8b90c99.jpg,416,416,Bushes,315,203,396,308
55b8fa2b19fe3739142293150a9bcbcb_jpg.rf.27ddd08c685f2e2be56232f9b8b90c99.jpg,416,416,Bushes,234,246,340,392
55b8fa2b19fe3739142293150a9bcbcb_jpg.rf.27ddd08c685f2e2be56232f9b8b90c99.jpg,416,416,Bushes,0,270,94,412
55b8fa2b19fe3739142293150a9bcbcb_jpg.rf.27ddd08c685f2e2be56232f9b8b90c99.jpg,416,416,Bushes,104,275,238,415
coral-beauty-bush-isolated-white-23964665_jpg.rf.284163c9b6072e59bc070118beea56a0.jpg,416,416,Bushes,6,86,399,374
9efae31575908a37f3d8779e0c6022b0--bush-plant-shrubs_jpg.rf.24548b32364309f97543e545ac35ae49.jpg,416,416,Bushes,10,19,415,387
Ilex-crenata--Soft-Touch-_jpg.rf.27b5fd92ce4bb9d976a7439a63218c28.jpg,416,416,Bushes,0,17,415,398
360_F_40437534_fGFnFeaxv5BbOx5sWfQeFuy3VtHAx0TS_jpg.rf.271ac362e74bfe9729ba287672045bdf.jpg,416,416,Bushes,27,23,403,409
AdobeStock_306974467-scaled_jpeg.rf.2819a7344497adb541dd707924ac038c.jpg,416,416,Bushes,121,248,184,304
AdobeStock_306974467-scaled_jpeg.rf.2819a7344497adb541dd707924ac038c.jpg,416,416,Bushes,294,256,412,350
AdobeStock_306974467-scaled_jpeg.rf.2819a7344497adb541dd707924ac038c.jpg,416,416,Bushes,135,287,273,415
AdobeStock_306974467-scaled_jpeg.rf.2819a7344497adb541dd707924ac038c.jpg,416,416,Bushes,209,316,362,415
How-to-Design-an-Entry-Garden_jpg.rf.213ff151beca6f5afd11658971e31971.jpg,416,416,Bushes,0,21,415,382
api_thumb_450--4-_jpg.rf.29d4675b5e8cc50a09b01cda10e08a19.jpg,416,416,Bushes,66,5,335,207
api_thumb_450--4-_jpg.rf.29d4675b5e8cc50a09b01cda10e08a19.jpg,416,416,Bushes,53,208,340,403
photo_2021-11-13_22-52-46--5-_jpg.rf.260046d49b67c8d61bbc58292af667e9.jpg,416,416,Bushes,152,10,250,243
images--2-_jpg.rf.2cf482ce922253df69fcacc443c33bc7.jpg,416,416,Bushes,185,13,415,289
images--2-_jpg.rf.2cf482ce922253df69fcacc443c33bc7.jpg,416,416,Bushes,0,0,261,296
Jubilation-Gardenia_jpg.rf.2a43e0b174b18441cc6d4899bc3d3189.jpg,416,416,Bushes,43,52,398,377
boxwood-globe-wintergreen-24-10-gal_jpg.rf.2e027f43cc8bb24ed1caa5a94b26f967.jpg,416,416,Bushes,7,58,394,402
1_jpg.rf.250673fd251a80b37a9e1d210c0bcaeb.jpg,416,416,Bushes,4,53,368,408
photo_2021-11-13_22-52-46--3-_jpg.rf.29b65c9675926329f0c06401609ef070.jpg,416,416,Bushes,69,0,266,318
Golden-Euonymus-Shrub_jpg.rf.2d496f1253d7b271b5c72ff444b2c4e3.jpg,416,416,Bushes,49,62,367,354
photo_2021-11-13_22-52-51--2-_jpg.rf.2b7f355445fc0442128a01f661812aef.jpg,416,416,Bushes,121,128,299,234
istockphoto-950705866-612x612_jpg.rf.2d25062af8f8a64a8434084c645e0294.jpg,416,416,Bushes,43,27,382,381
Momber_jpg.rf.2da77cfe37f181e6f3f7256e6caecb48.jpg,416,416,Bushes,17,43,388,331
istockphoto-185726237-612x612_jpg.rf.2e56a683389d9286502c5581921eaf14.jpg,416,416,Bushes,31,49,381,263
category_bushes_evergreen_jpg.rf.2fb0ad8617962d231b498187946c5754.jpg,416,416,Bushes,5,70,208,312
category_bushes_evergreen_jpg.rf.2fb0ad8617962d231b498187946c5754.jpg,416,416,Bushes,157,111,412,397
How-to-add-IMPACT-to-your-Gardens_jpg.rf.2f44329f00d0d2543284dc767f7fb1ef.jpg,416,416,Bushes,16,43,380,386
Danielle-Moss-How-to-Plant-a-Boxwood-5_jpg.rf.2fb69ab3cc31d981f73c5f786ee5ccc7.jpg,416,416,Bushes,112,91,384,284
istockphoto-1205811871-1024x1024_jpg.rf.2ad067f2937e3d28224b53a1e4e7eb7f.jpg,416,416,Bushes,132,23,232,144
istockphoto-1205811871-1024x1024_jpg.rf.2ad067f2937e3d28224b53a1e4e7eb7f.jpg,416,416,Bushes,240,22,402,151
istockphoto-1205811871-1024x1024_jpg.rf.2ad067f2937e3d28224b53a1e4e7eb7f.jpg,416,416,Bushes,20,30,126,138
istockphoto-1205811871-1024x1024_jpg.rf.2ad067f2937e3d28224b53a1e4e7eb7f.jpg,416,416,Bushes,236,157,403,247
istockphoto-1205811871-1024x1024_jpg.rf.2ad067f2937e3d28224b53a1e4e7eb7f.jpg,416,416,Bushes,19,145,216,283
istockphoto-1205811871-1024x1024_jpg.rf.2ad067f2937e3d28224b53a1e4e7eb7f.jpg,416,416,Bushes,103,244,406,391
istockphoto-1205811871-1024x1024_jpg.rf.2ad067f2937e3d28224b53a1e4e7eb7f.jpg,416,416,Bushes,22,303,97,386
Helen-Corbet-Taxus-_-Spring-Meadow---wholesale-liners---Spring-Meadow-Nursery_jpg.rf.2d2004cbe91235637975570b47df3e53.jpg,416,416,Bushes,45,86,384,353
78711b9d4ced5d838e7ca442933622d2_jpg.rf.30a976c51fd2174bb70ae4c0d0948f71.jpg,416,416,Bushes,0,0,415,415
image_jpg.rf.31e42250f3f4cc75f271b371d6488f96.jpg,416,416,Bushes,118,264,399,415
istockphoto-184875476-612x612_jpg.rf.32a21ca42a60cfa9b7d1d404537aa4a4.jpg,416,416,Bushes,7,40,413,410
image_jpg.rf.34cda025d77f182510149c0583d4b6b9.jpg,416,416,Bushes,104,257,394,415
depositphotos_9658135-stock-photo-japanese-aralia-bush-isolated-on--2-_jpg.rf.36c7482e0f7024bc7335d4f5dc964276.jpg,416,416,Bushes,10,39,402,395
Best-Topiary-Plants_jpg.rf.312ee729c71d6b1bc43fc983ee7a3206.jpg,416,416,Bushes,61,27,201,328
istockphoto-1251434169-612x612_jpg.rf.314178790c3cacd5acc4437bcb702d98.jpg,416,416,Bushes,17,28,382,388
photo_2021-11-13_22-52-46--5-_jpg.rf.2e2334522e390b904f545770238335b9.jpg,416,416,Bushes,163,12,249,240
istockphoto-1210570490-612x612_jpg.rf.236e2a8f83c8f56ed4a5a02592e0665c.jpg,416,416,Bushes,0,0,415,415
5_jpg.rf.38f369bb8f822425650b33ea164f87cd.jpg,416,416,Bushes,33,24,394,408
istockphoto-941440318-612x612_jpg.rf.30e929fccf32f437ffcece2c7614a0ec.jpg,416,416,Bushes,20,60,410,379
73f85f2ce6bebbd1da94a20afe6a4f4f--1-_jpg.rf.337b67b97d94f2289e4e568de7fa0768.jpg,416,416,Bushes,0,0,415,415
photo_2021-11-13_22-52-46--4-_jpg.rf.352dd3b240bc8d03325bb8594df2c0e0.jpg,416,416,Bushes,118,73,225,257
bush_132902558_jpg.rf.3943f614d267125f784f530b8d076122.jpg,416,416,Bushes,4,23,405,406
photo_2021-11-13_22-52-52--3-_jpg.rf.36c8c3a6eb78b8c305e8f847b676557f.jpg,416,416,Bushes,95,60,278,234
15-Best-Purple-Flowers-in-Texas-_jpg.rf.398200d8f99d623b2e002bc7586cea7c.jpg,416,416,Bushes,28,38,415,415
photo_2021-11-13_22-52-40_jpg.rf.3af7c3e6c5ed874c74330df3a76ce3bb.jpg,416,416,Bushes,115,4,324,197
category_bushes_evergreen_jpg.rf.3b65413e2e15c5df3101d30015b22a5d.jpg,416,416,Bushes,8,77,204,312
category_bushes_evergreen_jpg.rf.3b65413e2e15c5df3101d30015b22a5d.jpg,416,416,Bushes,164,113,410,391
api_thumb_450--10-_jpg.rf.3b8a01a1fab2bc0157dfc48bc8a45141.jpg,416,416,Bushes,4,9,415,415
photo_2021-11-13_22-52-40_jpg.rf.3a3561a88999818624c774cafcc57ceb.jpg,416,416,Bushes,93,0,316,204
istockphoto-542586566-612x612_jpg.rf.38f6e70479200c76f105c1c1e2ccec68.jpg,416,416,Bushes,49,42,375,359
api_thumb_450--2-_jpg.rf.36ba9eaa686d4360e366be1e8d612444.jpg,416,416,Bushes,17,38,393,413
flowerwood-bushes-06173-64_600_jpg.rf.3ac80de400a25cce3496d2f3629c11a9.jpg,416,416,Bushes,49,61,387,388
800px_COLOURBOX8271600_jpg.rf.39c62753f1a538d862f4bfd50e268b09.jpg,416,416,Bushes,0,37,406,392
20220423_201106_jpg.rf.3b646e1dc0d3501e8d4c72275f32b666.jpg,416,416,Bushes,101,4,323,386
5_jpg.rf.07bb30bd112c3feb75900a3f0d14d64f.jpg,416,416,Bushes,31,21,398,411
Best-Topiary-Plants_jpg.rf.3d913805a5ce24d95b0becf897f4b3b2.jpg,416,416,Bushes,70,27,195,321
api_thumb_450--5-_jpg.rf.38958cdd2d917aa8156cbeb2f2f09875.jpg,416,416,Bushes,16,45,404,398
photo_2021-11-13_22-52-46_jpg.rf.3ebbeedb20760d6757a64517e72efd1b.jpg,416,416,Bushes,143,102,308,232
Low-Growing-Shrubs_jpg.rf.28054020a0f65eed6e328d885946d804.jpg,416,416,Bushes,6,61,399,365
landscaped-garden-000003820013_large_jpg.rf.3bd22b3bf7d5ff3f22e5e0718cc8bd01.jpg,416,416,Bushes,305,173,372,281
landscaped-garden-000003820013_large_jpg.rf.3bd22b3bf7d5ff3f22e5e0718cc8bd01.jpg,416,416,Bushes,176,169,263,291
landscaped-garden-000003820013_large_jpg.rf.3bd22b3bf7d5ff3f22e5e0718cc8bd01.jpg,416,416,Bushes,55,188,115,287
landscaped-garden-000003820013_large_jpg.rf.3bd22b3bf7d5ff3f22e5e0718cc8bd01.jpg,416,416,Bushes,351,214,415,345
landscaped-garden-000003820013_large_jpg.rf.3bd22b3bf7d5ff3f22e5e0718cc8bd01.jpg,416,416,Bushes,6,229,75,355
landscaped-garden-000003820013_large_jpg.rf.3bd22b3bf7d5ff3f22e5e0718cc8bd01.jpg,416,416,Bushes,244,293,375,415
landscaped-garden-000003820013_large_jpg.rf.3bd22b3bf7d5ff3f22e5e0718cc8bd01.jpg,416,416,Bushes,57,299,173,415
flowerwood-bushes-06173-64_600_jpg.rf.407ed4d479d9ce84c5569a9a2f254a8f.jpg,416,416,Bushes,32,64,365,386
1_jpg.rf.43cead26de054ac42803fe295e98fb9d.jpg,416,416,Bushes,7,56,365,405
20220423_201033_jpg.rf.42ed40b948022b519967a0f4a6cb9583.jpg,416,416,Bushes,117,10,304,324
c2bd7b43-bf23-40de-a5fb-c94af9fa883b_jpg.rf.3def231010af48d1a6301a7c3afedf16.jpg,416,416,Bushes,15,7,399,384
20220423_200900_jpg.rf.3cc115547a7ffaa0ab01e55a38b76937.jpg,416,416,Bushes,66,0,364,351
flowerwood-bushes-06173-64_600_jpg.rf.46c6cc657ad0f2e1f0644c357cf8b5ba.jpg,416,416,Bushes,36,69,358,380
photo_2021-11-13_22-52-39_jpg.rf.46169b42d7e5ec928c01c599a9e48b2e.jpg,416,416,Bushes,0,2,87,299
photo_2021-11-13_22-52-39_jpg.rf.46169b42d7e5ec928c01c599a9e48b2e.jpg,416,416,Bushes,199,0,276,303
photo_2021-11-13_22-52-39_jpg.rf.46169b42d7e5ec928c01c599a9e48b2e.jpg,416,416,Bushes,264,0,339,311
photo_2021-11-13_22-52-39_jpg.rf.46169b42d7e5ec928c01c599a9e48b2e.jpg,416,416,Bushes,87,4,207,323
photo_2021-11-13_22-52-39_jpg.rf.46169b42d7e5ec928c01c599a9e48b2e.jpg,416,416,Bushes,325,1,415,329
green-bush-isolated-white-background-97648881_jpg.rf.4310a461c12c537e4bba9be28f69d080.jpg,416,416,Bushes,75,26,351,357
istockphoto-1216950996-612x612_jpg.rf.41dd3b71f44c582829caadc649f5eca7.jpg,416,416,Bushes,34,48,391,382
Golden-Euonymus_jpg.rf.3cbb7aa03a2c860230a5c6e62b87b292.jpg,416,416,Bushes,49,121,363,397
api_thumb_450--6-_jpg.rf.4a996acad45a0dfb5b8ec3f787ec7d6c.jpg,416,416,Bushes,20,21,399,385
istockphoto-171276490-612x612_jpg.rf.4a8c2aa7631b776cec62de1d5a2de4b7.jpg,416,416,Bushes,5,15,415,400
istockphoto-108351493-612x612_jpg.rf.4a0fcf8fde10bccee152ef6d29bc545c.jpg,416,416,Bushes,7,20,415,398
photo_2021-11-13_22-52-46--7-_jpg.rf.46ad0fc6ca6529356dfc810e82617252.jpg,416,416,Bushes,205,0,338,283
istockphoto-468209118-612x612_jpg.rf.4661d2671d1814efe540a3dffb4d60cf.jpg,416,416,Bushes,23,31,398,385
photo_2021-11-13_22-52-46_jpg.rf.4a061e7b692158574745b2acd80759f0.jpg,416,416,Bushes,143,106,301,225
20220423_200834_jpg.rf.43eccefe2820a8da9a60739095abe14a.jpg,416,416,Bushes,45,0,401,370
istockphoto-177091272-612x612_jpg.rf.4bb9ba85656f23699f0bdc222c0940ef.jpg,416,416,Bushes,20,4,384,410
api_thumb_450_jpg.rf.4a720d36a1c5aa987904344a479bc22c.jpg,416,416,Bushes,20,20,415,411
360_F_432072030_1ZJgjgkx5ZAbfkLXfaEeaLEpcSNReRfW_jpg.rf.1ebd7a70374781ed08738203ddcc68d2.jpg,416,416,Bushes,18,52,408,393
bush_noun_002_04999_jpg.rf.481dd1ed721c520b655c4be708ada842.jpg,416,416,Bushes,10,19,388,365
api_thumb_450--11-_jpg.rf.451fee1b2d7f3918691fe069c88d8739.jpg,416,416,Bushes,0,2,410,415
photo_2021-11-13_22-52-46--3-_jpg.rf.46f4b0845a9ef398e2e90e000f053192.jpg,416,416,Bushes,66,0,263,321
photo_2021-11-13_22-52-43_jpg.rf.4aa926c067da80a262b66bdbed0d3b7f.jpg,416,416,Bushes,94,0,279,269
BUXUS_SPRINTER_BOXWOOD_PW_BUXSP_01_jpg.rf.4b627dbf865edb7d1264e2e0c8ae8c9e.jpg,416,416,Bushes,0,75,383,402
19-of-the-Best-Shrubs-for-Creating-Easy-Care-Hedges_jpg.rf.4c7a694f4f7cb92bfdb73d45390cdbde.jpg,416,416,Bushes,3,27,413,305
photo_2021-11-13_22-52-42_jpg.rf.511d7a51965de79395cd24ed5c1c01c5.jpg,416,416,Bushes,144,0,274,233
photo_2021-11-13_22-52-42_jpg.rf.511d7a51965de79395cd24ed5c1c01c5.jpg,416,416,Bushes,333,82,414,189
Low-Growing-Shrubs_jpg.rf.3b1884fdf525307cd2ddb2d793bdc026.jpg,416,416,Bushes,5,60,398,364
istockphoto-1207413586-612x612_jpg.rf.4c3b4a8a9024a47581f5d146a1c60855.jpg,416,416,Bushes,25,34,384,383
7-25-11-MARY-photo-9--1-_jpg.rf.4e083f458dd626f1929085b02520237e.jpg,416,416,Bushes,2,13,375,415
healthy-shrub--1-_jpg.rf.4b60013be41037ac1db3ab0bddc5c606.jpg,416,416,Bushes,18,30,383,403
20220423_201106_jpg.rf.4e4bf36cf5cd6be37260ea7ebba948ae.jpg,416,416,Bushes,94,1,329,389
20220423_201046_jpg.rf.4e940db972fafeee0f8240649fb356f2.jpg,416,416,Bushes,106,5,323,332
istockphoto-1183231209-612x612_jpg.rf.4bb705a5f5879217475f874df2f09ecc.jpg,416,416,Bushes,48,0,331,349
istockphoto-683054626-612x612_jpg.rf.57ddac6b85da5725721a8c5e5354bac1.jpg,416,416,Bushes,34,100,393,347
Golden-Euonymus-Shrub_jpg.rf.523c42033493879bfd7e216dce19dfb1.jpg,416,416,Bushes,49,62,367,354
api_thumb_450--4-_jpg.rf.506a8e557c24f3bf055bc0d74058f520.jpg,416,416,Bushes,60,1,335,212
api_thumb_450--4-_jpg.rf.506a8e557c24f3bf055bc0d74058f520.jpg,416,416,Bushes,53,204,346,408
9efae31575908a37f3d8779e0c6022b0--bush-plant-shrubs_jpg.rf.55838588cb7850a7803294b776b2b5e4.jpg,416,416,Bushes,0,22,404,384
istockphoto-495215293-612x612_jpg.rf.52a7073f2d958a7626d4877256714121.jpg,416,416,Bushes,101,29,339,307
20220423_200912_jpg.rf.4fa652d8f16395770228940e90b153d6.jpg,416,416,Bushes,230,117,340,240
istockphoto-1150662672-612x612_jpg.rf.5a4e041af2f81a586c16759602f1112e.jpg,416,416,Bushes,5,12,406,404
55b8fa2b19fe3739142293150a9bcbcb_jpg.rf.56b64c6d4da23ba6f1951e471e9d6c02.jpg,416,416,Bushes,38,98,107,183
55b8fa2b19fe3739142293150a9bcbcb_jpg.rf.56b64c6d4da23ba6f1951e471e9d6c02.jpg,416,416,Bushes,108,93,190,188
55b8fa2b19fe3739142293150a9bcbcb_jpg.rf.56b64c6d4da23ba6f1951e471e9d6c02.jpg,416,416,Bushes,0,130,74,224
55b8fa2b19fe3739142293150a9bcbcb_jpg.rf.56b64c6d4da23ba6f1951e471e9d6c02.jpg,416,416,Bushes,90,142,158,227
55b8fa2b19fe3739142293150a9bcbcb_jpg.rf.56b64c6d4da23ba6f1951e471e9d6c02.jpg,416,416,Bushes,166,137,242,232
55b8fa2b19fe3739142293150a9bcbcb_jpg.rf.56b64c6d4da23ba6f1951e471e9d6c02.jpg,416,416,Bushes,229,173,332,283
55b8fa2b19fe3739142293150a9bcbcb_jpg.rf.56b64c6d4da23ba6f1951e471e9d6c02.jpg,416,416,Bushes,138,183,248,306
55b8fa2b19fe3739142293150a9bcbcb_jpg.rf.56b64c6d4da23ba6f1951e471e9d6c02.jpg,416,416,Bushes,42,198,138,311
55b8fa2b19fe3739142293150a9bcbcb_jpg.rf.56b64c6d4da23ba6f1951e471e9d6c02.jpg,416,416,Bushes,318,193,399,298
55b8fa2b19fe3739142293150a9bcbcb_jpg.rf.56b64c6d4da23ba6f1951e471e9d6c02.jpg,416,416,Bushes,241,240,347,386
55b8fa2b19fe3739142293150a9bcbcb_jpg.rf.56b64c6d4da23ba6f1951e471e9d6c02.jpg,416,416,Bushes,3,281,104,415
55b8fa2b19fe3739142293150a9bcbcb_jpg.rf.56b64c6d4da23ba6f1951e471e9d6c02.jpg,416,416,Bushes,114,277,248,415
photo_2021-11-13_22-52-42--3-_jpg.rf.578d6b1acb3436f781a1c6d5548eefe4.jpg,416,416,Bushes,140,0,277,221
08088734cd7ef90956ff95d2091852fe_jpg.rf.582e90debe2c8c8db8d850695b29c34d.jpg,416,416,Bushes,0,134,415,368
depositphotos_37931871-stock-photo-plant-bush-isolated_jpg.rf.5485ba3cf2df6631c3ed15f8f3d84d6d.jpg,416,416,Bushes,11,44,407,390
photo_2021-11-13_22-52-42_jpg.rf.57259c6a89c7ec5452ab0c294e31bd05.jpg,416,416,Bushes,133,0,259,233
photo_2021-11-13_22-52-42_jpg.rf.57259c6a89c7ec5452ab0c294e31bd05.jpg,416,416,Bushes,0,103,75,209
maxresdefault_jpg.rf.4fd7bfc7901cc1e79c7d114714b60e09.jpg,416,416,Bushes,93,21,319,376
photo_2021-11-13_22-52-46--2-_jpg.rf.5996a974066bab250129820ac7e0472c.jpg,416,416,Bushes,60,3,340,262
20220423_201117_jpg.rf.5465d2b270caae8509fddab6da063fd9.jpg,416,416,Bushes,132,16,295,311
istockphoto-144212439-612x612_jpg.rf.5a7633ae4671072c04befaafcd34bcbc.jpg,416,416,Bushes,31,75,394,348
15-Best-Purple-Flowers-in-Texas-_jpg.rf.59d093a9453b3c9e8848cdad0b66e3e1.jpg,416,416,Bushes,22,36,415,415
photo_2021-11-13_22-52-51_jpg.rf.58e00dafa9be16560dbdc67407b3b1bb.jpg,416,416,Bushes,27,0,291,193
istockphoto-1032806732-612x612_jpg.rf.5b6b4015ed4fb8ca5aa9aa21677f4f2f.jpg,416,416,Bushes,42,15,369,393
Large-Potted-Shrub-in-a-Decorative-Container_jpg.rf.5b5215630d1c7306c5cf4cc94873c8ee.jpg,416,416,Bushes,70,6,359,300
16-02A-088-550x550_jpg.rf.5f31f2f6ca023c962dd5cb807f0bf4ef.jpg,416,416,Bushes,1,12,333,415
api_thumb_450--4-_jpg.rf.5accfb0e383cc1f37a88a201355d5e23.jpg,416,416,Bushes,81,7,347,205
api_thumb_450--4-_jpg.rf.5accfb0e383cc1f37a88a201355d5e23.jpg,416,416,Bushes,80,211,364,401
photo_2021-11-13_22-52-42--2-_jpg.rf.5f3353730b035ebb609b0f58863f7354.jpg,416,416,Bushes,84,0,264,254
coral-beauty-bush-isolated-white-23964665_jpg.rf.56e573a02ffec2620a3de1593ee21f48.jpg,416,416,Bushes,17,86,410,374
photo_2021-11-13_22-52-39_jpg.rf.541c92bdca28bd791e3cad7ae09f8372.jpg,416,416,Bushes,331,0,415,295
photo_2021-11-13_22-52-39_jpg.rf.541c92bdca28bd791e3cad7ae09f8372.jpg,416,416,Bushes,142,0,213,302
photo_2021-11-13_22-52-39_jpg.rf.541c92bdca28bd791e3cad7ae09f8372.jpg,416,416,Bushes,79,0,148,311
photo_2021-11-13_22-52-39_jpg.rf.541c92bdca28bd791e3cad7ae09f8372.jpg,416,416,Bushes,211,3,325,321
photo_2021-11-13_22-52-39_jpg.rf.541c92bdca28bd791e3cad7ae09f8372.jpg,416,416,Bushes,0,5,88,331
api_thumb_450--5-_jpg.rf.55d7cd9e08d93c48ef7e14de894b56a5.jpg,416,416,Bushes,21,51,397,391
Large-Potted-Shrub-in-a-Decorative-Container_jpg.rf.5d15ba4818b71a65e0cac33be993fd97.jpg,416,416,Bushes,63,2,362,305
cadnav-151224210J6_jpg.rf.5d283b4bf0167e58fd03d047143b9d4c.jpg,416,416,Bushes,12,27,407,410
photo_2021-11-13_22-52-46--2-_jpg.rf.5de7f1a65d8c61c9a4c0bb10ffea8606.jpg,416,416,Bushes,62,10,330,256
photo_2021-11-13_22-52-42--2-_jpg.rf.603fc8d3e556c6814ebec4c977ae276f.jpg,416,416,Bushes,77,0,266,258
how-to-plant-a-bush_jpg.rf.540adfc304bb66551542d6922536cadc.jpg,416,416,Bushes,19,21,402,415
istockphoto-483372919-612x612_jpg.rf.5c296c0e647f95f4704e446383599740.jpg,416,416,Bushes,208,223,270,293
istockphoto-483372919-612x612_jpg.rf.5c296c0e647f95f4704e446383599740.jpg,416,416,Bushes,145,218,228,318
istockphoto-483372919-612x612_jpg.rf.5c296c0e647f95f4704e446383599740.jpg,416,416,Bushes,248,220,325,319
istockphoto-483372919-612x612_jpg.rf.5c296c0e647f95f4704e446383599740.jpg,416,416,Bushes,317,223,409,327
Dwarf-Mugo-Pine---1-Gallon-Pot_jpg.rf.5bfe0881872c437bbfaea3353874986d.jpg,416,416,Bushes,7,22,400,415
Carissa-holly--3x3-_jpg.rf.5d43a947f17e6f23e397e3783af10aaf.jpg,416,416,Bushes,0,78,415,380
20220423_201158_jpg.rf.615d94c18918d6b24ddfad38a0817bda.jpg,416,416,Bushes,194,43,358,273
Low-Growing-Shrubs-for-Almost-Any-Area--_-The-Home---Garden-Center_jpg.rf.611f67e56e894ff147eef487c8789d6d.jpg,416,416,Bushes,0,61,415,390
20220423_200912_jpg.rf.619ed9015409a5d0364d8f8ca2b02ad2.jpg,416,416,Bushes,232,119,340,240
Large-Potted-Shrub-in-a-Decorative-Container_jpg.rf.638561f5f09eeafceb0aa5961b1dfa8c.jpg,416,416,Bushes,65,0,370,308
Best-Japanese-Maples-for-Sun_jpg.rf.5f51b1d28122e4e49426911f4bd1949c.jpg,416,416,Bushes,38,21,396,357
photo_2021-11-13_22-52-46_jpg.rf.626bcdb5ad1dea2fc8bb3fd3138a1ddd.jpg,416,416,Bushes,117,106,275,225
b390499fb3dcdf0246211ae3dac261aa_jpg.rf.64f135e90b4cb552f09e951068c35783.jpg,416,416,Bushes,203,17,415,223
b390499fb3dcdf0246211ae3dac261aa_jpg.rf.64f135e90b4cb552f09e951068c35783.jpg,416,416,Bushes,20,13,192,218
b390499fb3dcdf0246211ae3dac261aa_jpg.rf.64f135e90b4cb552f09e951068c35783.jpg,416,416,Bushes,196,229,396,415
b390499fb3dcdf0246211ae3dac261aa_jpg.rf.64f135e90b4cb552f09e951068c35783.jpg,416,416,Bushes,0,230,164,413
boxwoods-sheared-into-balls-big-5b8afa9646e0fb0025933f6e_jpg.rf.644201e9673d8c88bde7de7f6b77ff71.jpg,416,416,Bushes,127,200,284,408
boxwoods-sheared-into-balls-big-5b8afa9646e0fb0025933f6e_jpg.rf.644201e9673d8c88bde7de7f6b77ff71.jpg,416,416,Bushes,253,236,413,416
360_F_40437534_fGFnFeaxv5BbOx5sWfQeFuy3VtHAx0TS_jpg.rf.651afa44b55546be7142b7ffe467b431.jpg,416,416,Bushes,11,20,393,412
api_thumb_450--11-_jpg.rf.6583c5feb9eedf2289642c113ab3276a.jpg,416,416,Bushes,14,8,415,415
20220423_201009_jpg.rf.631bc0726ddb1a089f85bef824d4b056.jpg,416,416,Bushes,112,42,307,335
istockphoto-1183231209-612x612_jpg.rf.61bca0f5b88ebf09dda1a7a34c2f5850.jpg,416,416,Bushes,94,4,364,346
16-02A-088-550x550_jpg.rf.651517baea84f0df31b2ab3eb1f1d024.jpg,416,416,Bushes,0,0,346,415
Gardenia-Flower-Delivery---Luxury-Gift-Boxes-For-Sale_jpg.rf.6299dfbae259841cfcf11a8ffaf26d43.jpg,416,416,Bushes,54,18,386,404
BUXUS_SPRINTER_BOXWOOD_PW_BUXSP_01_jpg.rf.697249308dd379afa8db2d2be5d9989e.jpg,416,416,Bushes,0,74,383,402
20220423_200855_jpg.rf.60ccaca8aa4ecf116251e926c2dac214.jpg,416,416,Bushes,72,50,344,362
800px_COLOURBOX8271600_jpg.rf.69776e3d9d35900426edb541e0b4b4d1.jpg,416,416,Bushes,0,33,409,395
20220423_201024_jpg.rf.6701644b6c40c767c3a26d78c0e034eb.jpg,416,416,Bushes,77,0,320,386
istockphoto-184875476-612x612_jpg.rf.660e61b4a66ac2c5a18e01ae289e8f58.jpg,416,416,Bushes,6,40,412,410
istockphoto-108351493-612x612_jpg.rf.6a51995e9717442af1496789a7d4c7df.jpg,416,416,Bushes,16,30,413,387
Clipped-Cone-Japanese-Yew--Capitata---Taxus-cuspidata--_-My-Garden-Life_jpg.rf.6aa82f29ce4e8947c4b502c72cbb9e22.jpg,416,416,Bushes,75,11,349,415
images--3-_jpg.rf.67c9f9b7859ef34ac1e4f2c86c57e0ea.jpg,416,416,Bushes,8,22,410,392
api_thumb_450--1-_jpg.rf.69a23891004dc9be98a5326bb45e69c6.jpg,416,416,Bushes,36,0,412,415
Golden-Euonymus-Shrub_jpg.rf.67bba2483c027a9bf2cf8ac3f8061567.jpg,416,416,Bushes,54,67,363,349
istockphoto-483372919-612x612_jpg.rf.416d5d2a47122a709e2b26d5f0a13fde.jpg,416,416,Bushes,151,226,212,295
istockphoto-483372919-612x612_jpg.rf.416d5d2a47122a709e2b26d5f0a13fde.jpg,416,416,Bushes,194,216,276,315
istockphoto-483372919-612x612_jpg.rf.416d5d2a47122a709e2b26d5f0a13fde.jpg,416,416,Bushes,98,227,173,324
istockphoto-483372919-612x612_jpg.rf.416d5d2a47122a709e2b26d5f0a13fde.jpg,416,416,Bushes,15,237,105,339
api_thumb_450--13-_jpg.rf.6aadadbdc021782c5655805967a823d6.jpg,416,416,Bushes,14,15,398,415
photo_2021-11-13_22-52-41_jpg.rf.49279cedd3dbb25dc6dfaea78c9acc3e.jpg,416,416,Bushes,91,0,324,219
maxresdefault_jpg.rf.4be9d2f975c69dd63e4d9a7c6e12d447.jpg,416,416,Bushes,99,22,320,374
istockphoto-1207413586-612x612_jpg.rf.618e5a6f8efe916554d392368629cf10.jpg,416,416,Bushes,25,34,384,383
images--4-_jpg.rf.678eef65e773d2571e0d1c3c36f9968d.jpg,416,416,Bushes,53,65,395,349
--------------_jpg.rf.66292c654fd1488bca9d9e72a1801e70.jpg,416,416,Bushes,23,80,234,186
--------------_jpg.rf.66292c654fd1488bca9d9e72a1801e70.jpg,416,416,Bushes,98,126,349,248
--------------_jpg.rf.66292c654fd1488bca9d9e72a1801e70.jpg,416,416,Bushes,180,188,415,358
--------------_jpg.rf.66292c654fd1488bca9d9e72a1801e70.jpg,416,416,Bushes,0,40,153,124
Best-Japanese-Maples-for-Sun_jpg.rf.70c4e8efb29c9d79440bc7072e106d26.jpg,416,416,Bushes,15,16,384,364
bush_noun_002_04999_jpg.rf.6df7c94f3c2280b54ec87d4d3a2ef25f.jpg,416,416,Bushes,26,16,410,369
photo_2021-11-13_22-52-39_jpg.rf.6acf82f35c6b7e70ee2ae03555a0b9af.jpg,416,416,Bushes,320,0,415,289
photo_2021-11-13_22-52-39_jpg.rf.6acf82f35c6b7e70ee2ae03555a0b9af.jpg,416,416,Bushes,131,0,218,305
photo_2021-11-13_22-52-39_jpg.rf.6acf82f35c6b7e70ee2ae03555a0b9af.jpg,416,416,Bushes,69,4,154,318
photo_2021-11-13_22-52-39_jpg.rf.6acf82f35c6b7e70ee2ae03555a0b9af.jpg,416,416,Bushes,200,0,332,321
photo_2021-11-13_22-52-39_jpg.rf.6acf82f35c6b7e70ee2ae03555a0b9af.jpg,416,416,Bushes,0,11,95,342
8550_two-cut-out-ordinary-small-bushes_jpg.rf.6f34fff504121ab83b55f8c80be3fda9.jpg,416,416,Bushes,0,17,219,388
8550_two-cut-out-ordinary-small-bushes_jpg.rf.6f34fff504121ab83b55f8c80be3fda9.jpg,416,416,Bushes,197,68,398,385
istockphoto-1251434169-612x612_jpg.rf.6c420bb15e8efc7de8cf190ed114b67b.jpg,416,416,Bushes,34,28,399,388
c2bd7b43-bf23-40de-a5fb-c94af9fa883b_jpg.rf.708f7d77afb089be4f5309427c2c31d7.jpg,416,416,Bushes,25,16,391,375
photo_2021-11-13_22-52-39--2-_jpg.rf.706685b96e2856b358c55129f774d48d.jpg,416,416,Bushes,5,0,186,284
photo_2021-11-13_22-52-39--2-_jpg.rf.706685b96e2856b358c55129f774d48d.jpg,416,416,Bushes,274,2,415,298
photo_2021-11-13_22-52-39--2-_jpg.rf.706685b96e2856b358c55129f774d48d.jpg,416,416,Bushes,180,0,285,297
73f85f2ce6bebbd1da94a20afe6a4f4f--1-_jpg.rf.73369b8efd17a2a78efd0791ac3c0f92.jpg,416,416,Bushes,0,0,415,415
istockphoto-683054626-612x612_jpg.rf.6c255372370f4519b2fe61c3364f79a9.jpg,416,416,Bushes,33,97,396,350
Carissa-holly--3x3-_jpg.rf.6e7c56736d364d4d962151b817e01f9f.jpg,416,416,Bushes,0,81,415,376
Boxwood_Sprinter_1_49cdb4e111f850ba5ac9b61f69d53ac1_jpg.rf.70d77a99a79e9a21bb19dfdf392249e1.jpg,416,416,Bushes,17,73,390,375
Document_jpg.rf.6b56bf820e867d3631caeba425e7841c.jpg,416,416,Bushes,9,49,379,375
20220423_201019_jpg.rf.6eda59409075f679f37855ac74c849b0.jpg,416,416,Bushes,116,48,305,356
8550_two-cut-out-ordinary-small-bushes_jpg.rf.6b1fb94a953c7a2eec159ea5937e0087.jpg,416,416,Bushes,0,13,223,387
8550_two-cut-out-ordinary-small-bushes_jpg.rf.6b1fb94a953c7a2eec159ea5937e0087.jpg,416,416,Bushes,194,68,400,388
boxwood-planter_jpg.rf.6fbe2fe1a0c64678f88a08185f6bd767.jpg,416,416,Bushes,2,0,400,244
20220423_200900_jpg.rf.6b1f8a1905b5b2c3184c00f91f7a4a1c.jpg,416,416,Bushes,76,7,350,341
photo_2021-11-13_22-52-50--2-_jpg.rf.6bb0f649ee4beeb6d48f2e3d69231f7c.jpg,416,416,Bushes,140,0,398,206
bottlebrush-bush-red-cluster-500_jpg.rf.6b8dd92de577ab045535860a09c101ac.jpg,416,416,Bushes,0,29,415,414
20220423_201014_jpg.rf.6ccfb03a5175ad66dfc1ab6f100f24d6.jpg,416,416,Bushes,119,8,326,376
Ilex-crenata--Soft-Touch-_jpg.rf.71da4dd0890dfd4dd7a1d9e5ce2fd73b.jpg,416,416,Bushes,0,7,415,408
800px_COLOURBOX8271600_jpg.rf.6ddf00d1e1df7ffe9feafa2eadbec649.jpg,416,416,Bushes,14,40,415,389
maxresdefault_jpg.rf.72c4051325191cb7658bf41a05e7ff3e.jpg,416,416,Bushes,105,25,314,371
istockphoto-1150662672-612x612_jpg.rf.6c96b9bd19e7a749261dcc64a07cbb5f.jpg,416,416,Bushes,8,15,403,400
08088734cd7ef90956ff95d2091852fe_jpg.rf.74b77dbd57b94935b86fd0574452c430.jpg,416,416,Bushes,0,149,415,354
F587-22_jpg.rf.7a3c9636ba2016f20cb88c43c44ff057.jpg,416,416,Bushes,65,69,363,375
Boxwood---FineGardening_jpg.rf.75b92d106e4bcc1c4349d062e483d529.jpg,416,416,Bushes,18,0,401,415
20220423_201024_jpg.rf.78e7d30d50fd2199ce78e4f23440b866.jpg,416,416,Bushes,85,0,315,382
healthy-shrub--1-_jpg.rf.73c5924647d8eca461caefb8b67cc679.jpg,416,416,Bushes,6,19,396,415
22-of-the-Best-Plants-You-Can-Use-for-Hedges_jpg.rf.7658d54214f72fc4e148c3f38d5d1dc4.jpg,416,416,Bushes,0,22,415,328
burning-bush_jpg.rf.7b8c8a255712642545064aadabd4e0da.jpg,416,416,Bushes,25,44,385,348
green-bush-isolated-white-background-97648881_jpg.rf.78848624ffae70a3e003d89339b479f5.jpg,416,416,Bushes,69,29,340,355
20220423_201059_jpg.rf.77946d7c26c7747b160917f97b92343a.jpg,416,416,Bushes,83,20,315,390
20220423_200920_jpg.rf.7cb7381657bab0fe22762a2c1d7a8b85.jpg,416,416,Bushes,114,0,303,365
8800-7313f12f-30ec-43e4-8c4e-422963348a23_jpg.rf.7d710a65ae29a3014a5b859ae15c9d2f.jpg,416,416,Bushes,8,3,384,300
photo_2021-11-13_22-52-42--3-_jpg.rf.81c5f59d7a470f5848548a292833e9ab.jpg,416,416,Bushes,140,0,273,220
Gardenia-Flower-Delivery---Luxury-Gift-Boxes-For-Sale_jpg.rf.7bbf7bca836a7121262eb92f043bbf32.jpg,416,416,Bushes,40,8,400,415
api_thumb_450--6-_jpg.rf.7bb5be7ca3109f3cbf056b221df2d438.jpg,416,416,Bushes,14,14,405,391
api_thumb_450_jpg.rf.75680709576bc1c43b23e2635c9f2e6c.jpg,416,416,Bushes,24,24,415,408
photo_2021-11-13_22-52-50--2-_jpg.rf.80cc372f52d87f88fa28c2348c837f01.jpg,416,416,Bushes,8,0,276,216
91S8T3oQCPL-_AC_SY679__jpg.rf.7ca736c2da3522ef9f8f68acc864872e.jpg,416,416,Bushes,0,0,415,360
360_F_432072030_1ZJgjgkx5ZAbfkLXfaEeaLEpcSNReRfW_jpg.rf.7de59a47a7b18851f79179a98a875052.jpg,416,416,Bushes,12,55,396,390
api_thumb_450--9-_jpg.rf.7f4d9f100a16fb5db71dfef345ced3b0.jpg,416,416,Bushes,6,28,401,390
20220423_201158_jpg.rf.77009eb0b96c42314e33e139db259e80.jpg,416,416,Bushes,191,41,359,273
12-Best-Low-Maintenance-Evergreen-Shrubs-For-Front-Of-House_jpg.rf.8387565e13c5d75c03b06202768aec29.jpg,416,416,Bushes,59,46,367,326
20220423_201014_jpg.rf.7f189f8df5bbefd92782ce82039c57db.jpg,416,416,Bushes,91,8,298,376
BUXUS_SPRINTER_BOXWOOD_PW_BUXSP_01_jpg.rf.84ff631f8055a00a6d9cd9a27c70fad6.jpg,416,416,Bushes,36,78,414,398
20220423_201117_jpg.rf.8456c8fdb29ec6a7e82cc794ca2ae4e6.jpg,416,416,Bushes,128,16,291,311
Carissa-holly--3x3-_jpg.rf.85c61103b1b59cb413558abf6c9c73d3.jpg,416,416,Bushes,0,74,415,383
Landscaping-Tips-from-TOH-s-2015-Idea-House_jpg.rf.7e2950d0b774bbe4e768bf3af298440e.jpg,416,416,Bushes,16,152,404,391
istockphoto-144212439-612x612_jpg.rf.86ee7bf6522b14720879f4b70232df42.jpg,416,416,Bushes,33,78,392,345
9efae31575908a37f3d8779e0c6022b0--bush-plant-shrubs_jpg.rf.87c383765a42f644e83a16d9636a729b.jpg,416,416,Bushes,15,24,415,379
20220423_201059_jpg.rf.871e9832aef26dffd661b4ab90c50bb9.jpg,416,416,Bushes,80,18,318,392
coral-beauty-bush-isolated-white-23964665_jpg.rf.8a34b2957fa79516db47c2ace7115093.jpg,416,416,Bushes,0,76,408,385
istockphoto-1155831768-612x612_jpg.rf.924c4912d71fb9417c1a289f347d6a4a.jpg,416,416,Bushes,0,38,390,415
20220423_201033_jpg.rf.905a17a17210bb2b5e2c45e4d1de3090.jpg,416,416,Bushes,112,8,304,325
api_thumb_450--3-_jpg.rf.8f218505320b1365f7dca1a42d7bdc07.jpg,416,416,Bushes,19,28,397,394
photo_2021-11-13_22-52-52_jpg.rf.89b1a28f023cc4d0a860934f49b21571.jpg,416,416,Bushes,32,51,356,256
images--4-_jpg.rf.886f5827bdbd1912651adff67b5ccc63.jpg,416,416,Bushes,17,59,368,355
AdobeStock_306974467-scaled_jpeg.rf.9179fd14f02691ffdbb068d461482a0b.jpg,416,416,Bushes,229,255,287,306
AdobeStock_306974467-scaled_jpeg.rf.9179fd14f02691ffdbb068d461482a0b.jpg,416,416,Bushes,0,248,112,332
AdobeStock_306974467-scaled_jpeg.rf.9179fd14f02691ffdbb068d461482a0b.jpg,416,416,Bushes,136,293,264,411
AdobeStock_306974467-scaled_jpeg.rf.9179fd14f02691ffdbb068d461482a0b.jpg,416,416,Bushes,45,315,189,416
istockphoto-177257089-612x612_jpg.rf.94ad404c187ce0f8f1804eef95515069.jpg,416,416,Bushes,15,36,399,392
Hedge_bush_plant_jpg.rf.939819697d79fbee3a35485958e13ca1.jpg,416,416,Bushes,23,27,406,364
AdobeStock_306974467-scaled_jpeg.rf.943cb1860c48e3f95fe6d84f2836b626.jpg,416,416,Bushes,130,255,189,307
AdobeStock_306974467-scaled_jpeg.rf.943cb1860c48e3f95fe6d84f2836b626.jpg,416,416,Bushes,305,244,415,331
AdobeStock_306974467-scaled_jpeg.rf.943cb1860c48e3f95fe6d84f2836b626.jpg,416,416,Bushes,154,292,284,413
AdobeStock_306974467-scaled_jpeg.rf.943cb1860c48e3f95fe6d84f2836b626.jpg,416,416,Bushes,229,312,374,415
--------------_jpg.rf.95ab7840b7d819f626d4ae711a36f2cb.jpg,416,416,Bushes,24,71,240,187
--------------_jpg.rf.95ab7840b7d819f626d4ae711a36f2cb.jpg,416,416,Bushes,96,120,353,255
--------------_jpg.rf.95ab7840b7d819f626d4ae711a36f2cb.jpg,416,416,Bushes,172,186,416,369
--------------_jpg.rf.95ab7840b7d819f626d4ae711a36f2cb.jpg,416,416,Bushes,5,30,162,121
istockphoto-1183231209-612x612_jpg.rf.933fad22cace904ca219e7b826e7cf3d.jpg,416,416,Bushes,90,0,372,350
istockphoto-468209118-612x612_jpg.rf.936972a5a5f22365fc19831e40e976bc.jpg,416,416,Bushes,20,28,401,388
20220423_201024_jpg.rf.97eac6db2eeef4571a094026d4f33293.jpg,416,416,Bushes,100,0,336,384
istockphoto-144212439-612x612_jpg.rf.8f4bef8ca570e0d9374faebf1710af5c.jpg,416,416,Bushes,23,75,386,348
Helen-Corbet-Taxus-_-Spring-Meadow---wholesale-liners---Spring-Meadow-Nursery_jpg.rf.8ea89d6326a678074d2c58ecc411a033.jpg,416,416,Bushes,27,78,378,362
photo_2021-11-13_22-52-38_jpg.rf.96421475011b153089c6b27f12481c3e.jpg,416,416,Bushes,254,0,415,288
photo_2021-11-13_22-52-38_jpg.rf.96421475011b153089c6b27f12481c3e.jpg,416,416,Bushes,111,0,275,303
photo_2021-11-13_22-52-38_jpg.rf.96421475011b153089c6b27f12481c3e.jpg,416,416,Bushes,0,3,128,321
c2bd7b43-bf23-40de-a5fb-c94af9fa883b_jpg.rf.9ace8887b0d6298acbafe47cd16eb23a.jpg,416,416,Bushes,22,13,394,378
depositphotos_37931871-stock-photo-plant-bush-isolated_jpg.rf.9887ddead2a13ad3b9d8029f4720eaf3.jpg,416,416,Bushes,17,53,398,380
20220423_201037_jpg.rf.6c161a3a763eef6cc56a7ecfefe1db8f.jpg,416,416,Bushes,112,34,313,358
55b8fa2b19fe3739142293150a9bcbcb_jpg.rf.96ba8ddd48109b4913d32c67e5d562fa.jpg,416,416,Bushes,42,95,108,177
55b8fa2b19fe3739142293150a9bcbcb_jpg.rf.96ba8ddd48109b4913d32c67e5d562fa.jpg,416,416,Bushes,112,92,191,184
55b8fa2b19fe3739142293150a9bcbcb_jpg.rf.96ba8ddd48109b4913d32c67e5d562fa.jpg,416,416,Bushes,1,126,73,216
55b8fa2b19fe3739142293150a9bcbcb_jpg.rf.96ba8ddd48109b4913d32c67e5d562fa.jpg,416,416,Bushes,92,141,158,223
55b8fa2b19fe3739142293150a9bcbcb_jpg.rf.96ba8ddd48109b4913d32c67e5d562fa.jpg,416,416,Bushes,169,139,241,231
55b8fa2b19fe3739142293150a9bcbcb_jpg.rf.96ba8ddd48109b4913d32c67e5d562fa.jpg,416,416,Bushes,230,178,329,284
55b8fa2b19fe3739142293150a9bcbcb_jpg.rf.96ba8ddd48109b4913d32c67e5d562fa.jpg,416,416,Bushes,139,184,245,303
55b8fa2b19fe3739142293150a9bcbcb_jpg.rf.96ba8ddd48109b4913d32c67e5d562fa.jpg,416,416,Bushes,42,196,134,306
55b8fa2b19fe3739142293150a9bcbcb_jpg.rf.96ba8ddd48109b4913d32c67e5d562fa.jpg,416,416,Bushes,318,200,395,302
55b8fa2b19fe3739142293150a9bcbcb_jpg.rf.96ba8ddd48109b4913d32c67e5d562fa.jpg,416,416,Bushes,240,245,341,387
55b8fa2b19fe3739142293150a9bcbcb_jpg.rf.96ba8ddd48109b4913d32c67e5d562fa.jpg,416,416,Bushes,0,278,96,416
55b8fa2b19fe3739142293150a9bcbcb_jpg.rf.96ba8ddd48109b4913d32c67e5d562fa.jpg,416,416,Bushes,112,278,240,415
19-of-the-Best-Shrubs-for-Creating-Easy-Care-Hedges_jpg.rf.96d3012f156f41af69287062d12af519.jpg,416,416,Bushes,6,34,408,298
photo_2021-11-13_22-52-39--2-_jpg.rf.98674da86592c25924a40c7f40998196.jpg,416,416,Bushes,235,1,415,291
photo_2021-11-13_22-52-39--2-_jpg.rf.98674da86592c25924a40c7f40998196.jpg,416,416,Bushes,0,0,147,287
photo_2021-11-13_22-52-39--2-_jpg.rf.98674da86592c25924a40c7f40998196.jpg,416,416,Bushes,135,0,240,296
istockphoto-542586566-612x612_jpg.rf.99c293debd4a136ad2e009f3a2483124.jpg,416,416,Bushes,46,39,378,362
api_thumb_450--1-_jpg.rf.98a6f8934362be739c0bc27530f3de3f.jpg,416,416,Bushes,39,0,408,415
1_jpg.rf.994e1e852c731a95f707f18eafb821da.jpg,416,416,Bushes,58,61,404,399
api_thumb_450--1-_jpg.rf.99ff8b387ddccd910fa296276cd16ff3.jpg,416,416,Bushes,29,0,415,415
istockphoto-177091272-612x612_jpg.rf.7188594d8f90e28f7196cbc0a5fe13d9.jpg,416,416,Bushes,23,6,381,407
20220423_201059_jpg.rf.9b5456af9b01d3bf7f6f664dd3ef570a.jpg,416,416,Bushes,92,26,306,386
10-Evergreens-to-Beautify-Your-Garden-Year-Round_jpg.rf.9bd88339a6c9319559f32d425771156c.jpg,416,416,Bushes,0,0,415,415
photo_2021-11-13_22-52-49--2-_jpg.rf.940965a0d5104f9bf47b1f1eba1610f9.jpg,416,416,Bushes,149,0,298,235
landscaped-garden-000003820013_large_jpg.rf.9c3b02bf61139a06563fabb431a8904c.jpg,416,416,Bushes,44,173,111,281
landscaped-garden-000003820013_large_jpg.rf.9c3b02bf61139a06563fabb431a8904c.jpg,416,416,Bushes,153,169,240,291
landscaped-garden-000003820013_large_jpg.rf.9c3b02bf61139a06563fabb431a8904c.jpg,416,416,Bushes,302,188,362,287
landscaped-garden-000003820013_large_jpg.rf.9c3b02bf61139a06563fabb431a8904c.jpg,416,416,Bushes,0,214,65,345
landscaped-garden-000003820013_large_jpg.rf.9c3b02bf61139a06563fabb431a8904c.jpg,416,416,Bushes,341,229,410,355
landscaped-garden-000003820013_large_jpg.rf.9c3b02bf61139a06563fabb431a8904c.jpg,416,416,Bushes,42,293,173,415
landscaped-garden-000003820013_large_jpg.rf.9c3b02bf61139a06563fabb431a8904c.jpg,416,416,Bushes,243,299,359,415
b390499fb3dcdf0246211ae3dac261aa_jpg.rf.8d93afe029a97ac7c68dc8d3a1840f57.jpg,416,416,Bushes,203,17,414,211
b390499fb3dcdf0246211ae3dac261aa_jpg.rf.8d93afe029a97ac7c68dc8d3a1840f57.jpg,416,416,Bushes,21,22,183,219
b390499fb3dcdf0246211ae3dac261aa_jpg.rf.8d93afe029a97ac7c68dc8d3a1840f57.jpg,416,416,Bushes,206,229,397,411
b390499fb3dcdf0246211ae3dac261aa_jpg.rf.8d93afe029a97ac7c68dc8d3a1840f57.jpg,416,416,Bushes,7,241,165,415
boxwoods-sheared-into-balls-big-5b8afa9646e0fb0025933f6e_jpg.rf.9d07724f1219b07afdc0770e27272957.jpg,416,416,Bushes,133,201,287,407
boxwoods-sheared-into-balls-big-5b8afa9646e0fb0025933f6e_jpg.rf.9d07724f1219b07afdc0770e27272957.jpg,416,416,Bushes,3,235,160,413
Ilex-crenata--Soft-Touch-_jpg.rf.9e03cfdd1dbb24f1cba809ab62408ddd.jpg,416,416,Bushes,0,7,415,408
images--1-_jpg.rf.a030c7ed12fdf054efb1a8ff8fa2ca6f.jpg,416,416,Bushes,30,237,91,380
images--1-_jpg.rf.a030c7ed12fdf054efb1a8ff8fa2ca6f.jpg,416,416,Bushes,8,241,68,381
images--1-_jpg.rf.a030c7ed12fdf054efb1a8ff8fa2ca6f.jpg,416,416,Bushes,81,246,125,385
images--1-_jpg.rf.a030c7ed12fdf054efb1a8ff8fa2ca6f.jpg,416,416,Bushes,170,246,228,401
images--1-_jpg.rf.a030c7ed12fdf054efb1a8ff8fa2ca6f.jpg,416,416,Bushes,136,252,183,399
images--1-_jpg.rf.a030c7ed12fdf054efb1a8ff8fa2ca6f.jpg,416,416,Bushes,325,263,379,407
images--1-_jpg.rf.a030c7ed12fdf054efb1a8ff8fa2ca6f.jpg,416,416,Bushes,101,255,157,393
images--1-_jpg.rf.a030c7ed12fdf054efb1a8ff8fa2ca6f.jpg,416,416,Bushes,301,267,353,407
images--1-_jpg.rf.a030c7ed12fdf054efb1a8ff8fa2ca6f.jpg,416,416,Bushes,255,260,307,410
images--1-_jpg.rf.a030c7ed12fdf054efb1a8ff8fa2ca6f.jpg,416,416,Bushes,217,261,264,405
Gardenia-Flower-Delivery---Luxury-Gift-Boxes-For-Sale_jpg.rf.9fb4589380a3190fb8a8b7570254fa84.jpg,416,416,Bushes,44,10,396,413
20220423_201037_jpg.rf.9b2c0f4909c6003d9eaf92d9924d8515.jpg,416,416,Bushes,110,37,300,355
Landscaping-Tips-from-TOH-s-2015-Idea-House_jpg.rf.9a0c65b78a3d5abc8bb07aa95e076027.jpg,416,416,Bushes,13,142,413,401
istockphoto-974523876-612x612_jpg.rf.9b08af341a1ad11352d1546994753d06.jpg,416,416,Bushes,2,24,415,351
api_thumb_450--11-_jpg.rf.970e2bcaa26d421b2d17ebfbd8491c38.jpg,416,416,Bushes,0,8,402,415
istockphoto-171276490-612x612_jpg.rf.9c4388661ad567395b54a86b069dbbd1.jpg,416,416,Bushes,2,12,415,403
istockphoto-1216950996-612x612_jpg.rf.9ec2abb751cae1c3c2a3ce4b49b55177.jpg,416,416,Bushes,27,51,379,379
20220423_200834_jpg.rf.9cb798ac74ba26184dd077798811b88b.jpg,416,416,Bushes,23,1,367,363
20220423_201150_jpg.rf.a079c99acc7c6d7d6932afa019e56d9e.jpg,416,416,Bushes,86,0,294,330
flowerwood-bushes-06103fl-e1_600_jpg.rf.a1561b775ff2e3edabef607af70c508f.jpg,416,416,Bushes,0,0,415,415
Dwarf-Mugo-Pine---1-Gallon-Pot_jpg.rf.a241544b2a5c33e9cec0b547202c0a66.jpg,416,416,Bushes,4,18,403,415
photo_2021-11-13_22-52-51_jpg.rf.a0a5f79b67add2c05aa53a20b7b79253.jpg,416,416,Bushes,145,0,406,200
15-Best-Purple-Flowers-in-Texas-_jpg.rf.9fc050c202a904987f7f7646f093b1eb.jpg,416,416,Bushes,0,44,383,415
photo_2021-11-13_22-52-38_jpg.rf.a559800fcaa992d4008fd7009d796b3a.jpg,416,416,Bushes,1,0,154,289
photo_2021-11-13_22-52-38_jpg.rf.a559800fcaa992d4008fd7009d796b3a.jpg,416,416,Bushes,146,1,298,299
photo_2021-11-13_22-52-38_jpg.rf.a559800fcaa992d4008fd7009d796b3a.jpg,416,416,Bushes,293,0,415,314
photo_2021-11-13_22-52-42_jpg.rf.a28ba68764bd38cdff5e4f6ae69f3080.jpg,416,416,Bushes,159,1,272,229
photo_2021-11-13_22-52-42_jpg.rf.a28ba68764bd38cdff5e4f6ae69f3080.jpg,416,416,Bushes,341,96,415,198
depositphotos_9658135-stock-photo-japanese-aralia-bush-isolated-on--2-_jpg.rf.a15a89aff4fd3c5ae75dae65e8a35567.jpg,416,416,Bushes,11,36,409,398
20220423_201106_jpg.rf.a35f7aa028486fd38d7534f2347d827a.jpg,416,416,Bushes,108,8,317,383
istockphoto-1032806732-612x612_jpg.rf.a63801977bc8abe9bc1447a71eb84232.jpg,416,416,Bushes,36,10,376,398
d353d6d6c4c7d3845b6160812aebd338_jpg.rf.a8ca7deef8e99a6e087ad5e60e4d42d6.jpg,416,416,Bushes,5,44,379,343
Landscaping-Tips-from-TOH-s-2015-Idea-House_jpg.rf.a89dba2eec30516d86b9556f820b6827.jpg,416,416,Bushes,10,145,406,397
20220423_200920_jpg.rf.a6d70757ff3e6127c21dd634ad0a5a94.jpg,416,416,Bushes,111,0,306,366
F587-22_jpg.rf.a70718b094cfb2f996a0c4d31982578c.jpg,416,416,Bushes,67,71,360,373
api_thumb_450--2-_jpg.rf.a1894bcf355eb129288f608f56c4fbc5.jpg,416,416,Bushes,15,28,411,415
api_thumb_450_jpg.rf.a6f083ca4364da192d2a854ef88edc73.jpg,416,416,Bushes,0,17,399,414
green-bush-isolated-white-background-97648881_jpg.rf.a71be3849d028383e0d3ef9be53c5afd.jpg,416,416,Bushes,71,24,352,359
bush_132902558_jpg.rf.9ec27cb66dfcb56613b8f6f1922071c0.jpg,416,416,Bushes,0,13,415,415
20220423_200855_jpg.rf.a9694738604cdea681a3f49885ed1d49.jpg,416,416,Bushes,80,57,337,355
Euonymus-Rudy-Haag-1_1080_1080_60_jpg.rf.a3aa63012e047cfb5f22427c32a47f42.jpg,416,416,Bushes,0,37,415,410
istockphoto-177273450-612x612_jpg.rf.a8552d4d8631629154b9597e84a4db07.jpg,416,416,Bushes,0,81,412,367
photo_2021-11-13_22-52-46--6-_jpg.rf.a94981596ed39253e896445cad07ef0f.jpg,416,416,Bushes,133,0,274,277
api_thumb_450--13-_jpg.rf.abc084553c48705ffbfa43ef16736f80.jpg,416,416,Bushes,14,15,398,415
photo_2021-11-13_22-52-46--4-_jpg.rf.ac40b3a68d301334a05eca9a9401e4cf.jpg,416,416,Bushes,191,72,292,253
19-of-the-Best-Shrubs-for-Creating-Easy-Care-Hedges_jpg.rf.826cbf357ecfc339d04c8efd788ca48d.jpg,416,416,Bushes,7,31,413,302
photo_2021-11-13_22-52-48_jpg.rf.ae127d9e07ad38ce822f902393e8c4f7.jpg,416,416,Bushes,20,0,320,314
20220423_200822_jpg.rf.aa270fc07e8da9d828f4f0cebfb36bfe.jpg,416,416,Bushes,0,0,415,319
images--2-_jpg.rf.ab1dfb5148edc2548906ffa064992cab.jpg,416,416,Bushes,4,14,228,278
images--2-_jpg.rf.ab1dfb5148edc2548906ffa064992cab.jpg,416,416,Bushes,166,5,415,293
How-to-Design-an-Entry-Garden_jpg.rf.a55c2c698d4c96a8b5f8c1c6dd6ce4d2.jpg,416,416,Bushes,0,17,415,385
7-25-11-MARY-photo-9--1-_jpg.rf.ae9e10ad60c57332c0e657d296d28377.jpg,416,416,Bushes,48,19,408,411
20220423_201033_jpg.rf.ae0587ad74c363af349db81bc59a0706.jpg,416,416,Bushes,119,12,301,322
20220423_200927_jpg.rf.adf4eeecbc70a7d0d2257080f35a1c25.jpg,416,416,Bushes,83,0,306,288
Low-Growing-Shrubs_jpg.rf.b197206b98f147dbd23a83f5047c1e14.jpg,416,416,Bushes,19,60,412,364
api_thumb_450--7-_jpg.rf.afb651d296e4d7b759111454266e1f02.jpg,416,416,Bushes,18,10,415,414
photo_2021-11-13_22-52-48--2-_jpg.rf.b3427a14aef9d44aa0319e88b1a04d3b.jpg,416,416,Bushes,116,0,293,224
Green-Mountain-Boxwood_jpg.rf.85e8b326892c6ed01125b4e76753dea2.jpg,416,416,Bushes,84,29,347,393
photo_2021-11-13_22-52-41--2-_jpg.rf.b25e8c87bef8b3723175d1c341159c75.jpg,416,416,Bushes,63,0,378,220
5_jpg.rf.b4aff2a503ef6290c842599747f02650.jpg,416,416,Bushes,22,24,383,408
Dwarf-Mugo-Pine---1-Gallon-Pot_jpg.rf.b58ed3e5452c9877e4b612b16ac35c9c.jpg,416,416,Bushes,19,25,404,413
20220423_200920_jpg.rf.b4b738c4b8272daef80ef6b6dafad0bf.jpg,416,416,Bushes,114,0,303,365
images--4-_jpg.rf.aee6f75dfb5c457c93a07c8e84f681e4.jpg,416,416,Bushes,20,60,366,350
photo_2021-11-13_22-52-52--3-_jpg.rf.affee4d35bcc1ae1aad5d507c806f7a6.jpg,416,416,Bushes,139,60,322,234
Low-Growing-Shrubs-for-Almost-Any-Area--_-The-Home---Garden-Center_jpg.rf.b5e4578956df21ced38fafbf12a4ef20.jpg,416,416,Bushes,0,61,415,390
api_thumb_450--9-_jpg.rf.b9c567e3c2fde7ba25af2fc8ce4121b0.jpg,416,416,Bushes,0,18,410,402
api_thumb_450--10-_jpg.rf.ba8939bcceed7303a783c1d91b487caf.jpg,416,416,Bushes,4,9,415,415
20220423_201029_jpg.rf.b1a222556595c3e490b42bb4e44c8b53.jpg,416,416,Bushes,104,2,320,350
boxwoods-sheared-into-balls-big-5b8afa9646e0fb0025933f6e_jpg.rf.abd1aba85706563b9531d4bff2e0c484.jpg,416,416,Bushes,137,200,294,408
boxwoods-sheared-into-balls-big-5b8afa9646e0fb0025933f6e_jpg.rf.abd1aba85706563b9531d4bff2e0c484.jpg,416,416,Bushes,264,222,415,403
api_thumb_450--7-_jpg.rf.adb1b5d0b8aea8715d685c77805eb38e.jpg,416,416,Bushes,31,22,405,400
istockphoto-1216950996-612x612_jpg.rf.a55b811abcc14058184542f043581dae.jpg,416,416,Bushes,25,48,382,382
Best-Foundation-Plants-for-Stellar-Curb-Appeal_jpg.rf.b6fdb5ba064cd973b72f827fc79e670f.jpg,416,416,Bushes,50,18,349,386
20220423_200834_jpg.rf.b38a1641f5200c12d47f38fd60dc412a.jpg,416,416,Bushes,47,0,397,366
istockphoto-177257089-612x612_jpg.rf.b0713f94f8456cdb5aee196d62271c11.jpg,416,416,Bushes,15,33,404,395
Hedge_bush_plant_jpg.rf.b795faed17c1e6bd4a92020db18390ca.jpg,416,416,Bushes,30,36,398,354
Best-Japanese-Maples-for-Sun_jpg.rf.ba5b797ef08b6d794e702e899ba2bb1b.jpg,416,416,Bushes,25,9,406,369
20220423_201019_jpg.rf.b7ad671d60617c0415b4aa4afb59a147.jpg,416,416,Bushes,115,48,304,356
photo_2021-11-13_22-52-51--2-_jpg.rf.baaaa89d11ef82bcd35f70df496c547d.jpg,416,416,Bushes,118,128,296,234
boxwood-planter_jpg.rf.b62dfeece023933e5e83cb6c6c47b35b.jpg,416,416,Bushes,0,0,405,250
Euonymus-Rudy-Haag-1_1080_1080_60_jpg.rf.bc5805cfed46255fb8891f6b854afaf0.jpg,416,416,Bushes,0,33,415,413
istockphoto-1186971840-612x612_jpg.rf.bcee3f517cb1d3090b7f49e79466d60d.jpg,416,416,Bushes,12,80,410,387
photo_2021-11-13_22-52-49_jpg.rf.bb8080df2c96ae90b023396aa6a124a6.jpg,416,416,Bushes,173,3,261,190
api_thumb_450--9-_jpg.rf.beb28c48b0ed877f19ca20397704c718.jpg,416,416,Bushes,6,18,415,402
d353d6d6c4c7d3845b6160812aebd338_jpg.rf.bb62c18ed465cc9c77446a59d3c2c9fd.jpg,416,416,Bushes,42,49,406,336
istockphoto-1210570490-612x612_jpg.rf.bfea581b993fad0aba78d260061cb99f.jpg,416,416,Bushes,0,0,415,415
depositphotos_37931871-stock-photo-plant-bush-isolated_jpg.rf.beeb01a2082ab09423abe3cc81ca2645.jpg,416,416,Bushes,12,47,403,387
istockphoto-1126392100-612x612_jpg.rf.c48428a6869335221dbd1cbb3e3c42ed.jpg,416,416,Bushes,17,42,375,238
photo_2021-11-13_22-52-46--7-_jpg.rf.bf542cda7a373bed600bffdb569a0a7c.jpg,416,416,Bushes,80,0,224,280
images--2-_jpg.rf.bf2f7f994a4204e4d73c2d2f4cad5064.jpg,416,416,Bushes,0,13,233,293
images--2-_jpg.rf.bf2f7f994a4204e4d73c2d2f4cad5064.jpg,416,416,Bushes,152,0,415,297
photo_2021-11-13_22-52-50_jpg.rf.c6d2a6926724e71ea8824aa4934cd03b.jpg,416,416,Bushes,173,91,307,224
1570703783_111391_jpg.rf.ae5574d54dbd9d93fe1f222a47a2e86e.jpg,416,416,Bushes,53,1,351,407
22-of-the-Best-Plants-You-Can-Use-for-Hedges_jpg.rf.c52903f5852cec0d3a9ad1ee94a9dac6.jpg,416,416,Bushes,0,22,415,327
buisson-d-usine-d-isolement-ficus-carica-35609358_jpg.rf.c2ccebe733d359e286f066ec2a00b85b.jpg,416,416,Bushes,1,22,405,374
istockphoto-1205811871-1024x1024_jpg.rf.c1a91a0aabd89d6138cabc75bd5e731d.jpg,416,416,Bushes,131,24,229,143
istockphoto-1205811871-1024x1024_jpg.rf.c1a91a0aabd89d6138cabc75bd5e731d.jpg,416,416,Bushes,239,22,399,148
istockphoto-1205811871-1024x1024_jpg.rf.c1a91a0aabd89d6138cabc75bd5e731d.jpg,416,416,Bushes,19,34,123,140
istockphoto-1205811871-1024x1024_jpg.rf.c1a91a0aabd89d6138cabc75bd5e731d.jpg,416,416,Bushes,237,156,403,243
istockphoto-1205811871-1024x1024_jpg.rf.c1a91a0aabd89d6138cabc75bd5e731d.jpg,416,416,Bushes,20,148,215,282
istockphoto-1205811871-1024x1024_jpg.rf.c1a91a0aabd89d6138cabc75bd5e731d.jpg,416,416,Bushes,106,246,407,388
istockphoto-1205811871-1024x1024_jpg.rf.c1a91a0aabd89d6138cabc75bd5e731d.jpg,416,416,Bushes,25,306,99,388
20220423_200843_jpg.rf.c526d40ec380279fd70f2d6307ee5c61.jpg,416,416,Bushes,63,8,341,298
api_thumb_450--3-_jpg.rf.c6f251adcbc5ee468225e420baf87e06.jpg,416,416,Bushes,25,34,392,388
photo_2021-11-13_22-52-46--7-_jpg.rf.be8bf5775e7e13aac7adad2aca62f00c.jpg,416,416,Bushes,79,0,227,280
how-to-plant-a-bush_jpg.rf.c27431e8429ee2e83f860d6194f21cb7.jpg,416,416,Bushes,9,15,405,415
istockphoto-1210570490-612x612_jpg.rf.c8faf4439ab4dd2a62679f043c1dac6e.jpg,416,416,Bushes,0,1,415,415
20220423_200900_jpg.rf.c8ffb51d65b26a0a59326cbefd9d320e.jpg,416,416,Bushes,69,2,354,345
photo_2021-11-13_22-52-49--2-_jpg.rf.c9b2b0d87fc6957d093ffb6b71fbf596.jpg,416,416,Bushes,148,0,305,239
91S8T3oQCPL-_AC_SY679__jpg.rf.c482ef3257e17fea46300b2309116253.jpg,416,416,Bushes,0,3,415,353
landscaped-garden-000003820013_large_jpg.rf.c47cf6e8d118bf9e3454e5209456d0a8.jpg,416,416,Bushes,44,183,116,294
landscaped-garden-000003820013_large_jpg.rf.c47cf6e8d118bf9e3454e5209456d0a8.jpg,416,416,Bushes,152,167,245,294
landscaped-garden-000003820013_large_jpg.rf.c47cf6e8d118bf9e3454e5209456d0a8.jpg,416,416,Bushes,301,176,366,278
landscaped-garden-000003820013_large_jpg.rf.c47cf6e8d118bf9e3454e5209456d0a8.jpg,416,416,Bushes,1,228,75,361
landscaped-garden-000003820013_large_jpg.rf.c47cf6e8d118bf9e3454e5209456d0a8.jpg,416,416,Bushes,344,212,415,342
landscaped-garden-000003820013_large_jpg.rf.c47cf6e8d118bf9e3454e5209456d0a8.jpg,416,416,Bushes,51,297,189,415
landscaped-garden-000003820013_large_jpg.rf.c47cf6e8d118bf9e3454e5209456d0a8.jpg,416,416,Bushes,254,288,374,412
istockphoto-974523876-612x612_jpg.rf.c8c2c8b088a6cda712c85468a532ee15.jpg,416,416,Bushes,7,34,408,340
api_thumb_450--8-_jpg.rf.c26579c82e87f46f755635e07d464e41.jpg,416,416,Bushes,22,21,415,413
category_bushes_evergreen_jpg.rf.c5baf0d87602c13c34f6ea94cc4fa75d.jpg,416,416,Bushes,3,67,210,312
category_bushes_evergreen_jpg.rf.c5baf0d87602c13c34f6ea94cc4fa75d.jpg,416,416,Bushes,155,111,414,401
istockphoto-468209118-612x612_jpg.rf.ca38ee76a38a0379f68b4acd1b4126a5.jpg,416,416,Bushes,7,19,406,398
istockphoto-1129104666-612x612_jpg.rf.cd8d91124af46d2419799031309304aa.jpg,416,416,Bushes,11,27,415,207
istockphoto-1129104666-612x612_jpg.rf.cd8d91124af46d2419799031309304aa.jpg,416,416,Bushes,0,206,413,416
istockphoto-695907056-612x612_jpg.rf.cd17694b099684532332ef068502d3ce.jpg,416,416,Bushes,10,53,401,367
photo_2021-11-13_22-52-46--2-_jpg.rf.cceed314b36b095aece043eea5040e3c.jpg,416,416,Bushes,88,7,364,261
Euonymus-Rudy-Haag-1_1080_1080_60_jpg.rf.cda8b7f2a0966331f93397fde03a22ff.jpg,416,416,Bushes,0,31,415,415
20220423_201041_jpg.rf.ca4ba71aed059ca9c181edd958be0a47.jpg,416,416,Bushes,123,37,307,335
istockphoto-1150662672-612x612_jpg.rf.cf5a31f3fab40f9923fecc1d28cde62f.jpg,416,416,Bushes,11,12,412,404
istockphoto-477721066-612x612_jpg.rf.cdd913a6929e7295ec1a4cc74f4f25bc.jpg,416,416,Bushes,318,156,385,265
istockphoto-477721066-612x612_jpg.rf.cdd913a6929e7295ec1a4cc74f4f25bc.jpg,416,416,Bushes,233,163,335,296
istockphoto-477721066-612x612_jpg.rf.cdd913a6929e7295ec1a4cc74f4f25bc.jpg,416,416,Bushes,17,154,123,301
istockphoto-477721066-612x612_jpg.rf.cdd913a6929e7295ec1a4cc74f4f25bc.jpg,416,416,Bushes,102,161,251,327
8800-7313f12f-30ec-43e4-8c4e-422963348a23_jpg.rf.cd05d6678e2a9d5a999cb15126dde977.jpg,416,416,Bushes,20,14,379,287
api_thumb_450--10-_jpg.rf.cf64935bb2ecfe9893a5e0ff83cd1566.jpg,416,416,Bushes,0,0,415,415
api_thumb_450--5-_jpg.rf.ce6cb7b46f2f7338913125c3c0e04bf9.jpg,416,416,Bushes,13,45,401,398
images--3-_jpg.rf.cea6642a49ca80aff9592ff74ae168a4.jpg,416,416,Bushes,10,25,406,388
istockphoto-171276490-612x612_jpg.rf.cfb90552aeb24f3065f56a32dcf76ac6.jpg,416,416,Bushes,15,25,410,389
istockphoto-1129104666-612x612_jpg.rf.ca2122698df96a07f566a7f591a932d3.jpg,416,416,Bushes,16,37,413,197
istockphoto-1129104666-612x612_jpg.rf.ca2122698df96a07f566a7f591a932d3.jpg,416,416,Bushes,0,217,415,406
20220423_201029_jpg.rf.d17fe5ae474966a35521670df57c3fca.jpg,416,416,Bushes,96,0,325,354
--------------_jpg.rf.d04319da19849a4288ad28dbb76d26a8.jpg,416,416,Bushes,14,79,232,199
--------------_jpg.rf.d04319da19849a4288ad28dbb76d26a8.jpg,416,416,Bushes,92,116,351,256
--------------_jpg.rf.d04319da19849a4288ad28dbb76d26a8.jpg,416,416,Bushes,178,173,415,360
--------------_jpg.rf.d04319da19849a4288ad28dbb76d26a8.jpg,416,416,Bushes,0,44,148,139
istockphoto-1207413586-612x612_jpg.rf.cf8aba88504340324927c7de4c426f1c.jpg,416,416,Bushes,30,31,394,386
newgen-independence-boxwood-2_1080_1080_60_jpg.rf.d0c7b3bfc5cc675fa375659299091873.jpg,416,416,Bushes,80,82,415,387
evergreen-shrubs-1645891288_jpeg.rf.cfcc62609448c5a65629b439ad43ee64.jpg,416,416,Bushes,289,33,393,239
evergreen-shrubs-1645891288_jpeg.rf.cfcc62609448c5a65629b439ad43ee64.jpg,416,416,Bushes,170,22,293,264
evergreen-shrubs-1645891288_jpeg.rf.cfcc62609448c5a65629b439ad43ee64.jpg,416,416,Bushes,28,49,137,293
evergreen-shrubs-1645891288_jpeg.rf.cfcc62609448c5a65629b439ad43ee64.jpg,416,416,Bushes,244,191,415,369
evergreen-shrubs-1645891288_jpeg.rf.cfcc62609448c5a65629b439ad43ee64.jpg,416,416,Bushes,69,209,250,395
istockphoto-1205811871-1024x1024_jpg.rf.d44d2e35d1a7a05e77a2083d18650ff5.jpg,416,416,Bushes,184,23,284,144
istockphoto-1205811871-1024x1024_jpg.rf.d44d2e35d1a7a05e77a2083d18650ff5.jpg,416,416,Bushes,14,22,176,151
istockphoto-1205811871-1024x1024_jpg.rf.d44d2e35d1a7a05e77a2083d18650ff5.jpg,416,416,Bushes,290,30,396,138
istockphoto-1205811871-1024x1024_jpg.rf.d44d2e35d1a7a05e77a2083d18650ff5.jpg,416,416,Bushes,13,157,180,247
istockphoto-1205811871-1024x1024_jpg.rf.d44d2e35d1a7a05e77a2083d18650ff5.jpg,416,416,Bushes,200,145,397,283
istockphoto-1205811871-1024x1024_jpg.rf.d44d2e35d1a7a05e77a2083d18650ff5.jpg,416,416,Bushes,10,244,313,391
istockphoto-1205811871-1024x1024_jpg.rf.d44d2e35d1a7a05e77a2083d18650ff5.jpg,416,416,Bushes,319,303,394,386
20220423_201058_jpg.rf.d2abcf1925c85b708665bf640e2cad1f.jpg,416,416,Bushes,90,4,312,367
photo_2021-11-13_22-52-50_jpg.rf.d156df58a5f0a844dec4ee47cb2de601.jpg,416,416,Bushes,174,93,302,219
photo_2021-11-13_22-52-49_jpg.rf.d2c2c101804ffdf6d62831d4194aec09.jpg,416,416,Bushes,145,1,242,192
How-to-Design-an-Entry-Garden_jpg.rf.a97a58dab6d83b1c06a1984456748eb6.jpg,416,416,Bushes,0,17,415,385
Danielle-Moss-How-to-Plant-a-Boxwood-5_jpg.rf.a9dffd1517a36e7726ab627dba09ef39.jpg,416,416,Bushes,37,96,301,276
Boxwood_Sprinter_1_49cdb4e111f850ba5ac9b61f69d53ac1_jpg.rf.d4fb376d95806cbfeb4dcd151699de05.jpg,416,416,Bushes,28,76,397,372
20220423_200822_jpg.rf.d761832a07e0206b972c264f3c1b54a4.jpg,416,416,Bushes,0,0,415,322
d353d6d6c4c7d3845b6160812aebd338_jpg.rf.d775b267b3f27bd97c4045b18b651d70.jpg,416,416,Bushes,35,42,409,341
istockphoto-177257089-612x612_jpg.rf.c8dae06d55cbd41c17505de776487c41.jpg,416,416,Bushes,15,33,404,395
20220423_201041_jpg.rf.d414448269ecf8582aef95f98d5d075d.jpg,416,416,Bushes,117,34,311,338
78711b9d4ced5d838e7ca442933622d2_jpg.rf.d604a5d7558498d2a90d87b7cf416b7d.jpg,416,416,Bushes,0,0,415,415
Clipped-Cone-Japanese-Yew--Capitata---Taxus-cuspidata--_-My-Garden-Life_jpg.rf.d1eb901017cd664ad00926d5403ef86a.jpg,416,416,Bushes,65,5,359,415
1570703783_111391_jpg.rf.d6ca0bbf0e16760c1583a6af09101d4e.jpg,416,416,Bushes,42,0,362,415
newgen-independence-boxwood-2_1080_1080_60_jpg.rf.da3513df34d0abbcfef75525ccf2e8d3.jpg,416,416,Bushes,0,85,339,390
api_thumb_450--12-_jpg.rf.d81928f7094611dc9c8777b535d59e1b.jpg,416,416,Bushes,11,0,415,415
Larrea-tridentata-sheared_jpg.rf.d9fea789fba903edfbe5770840d4e035.jpg,416,416,Bushes,32,19,407,387
Green-Mountain-Boxwood_jpg.rf.d2ce0814e31df21b6b2fbf11c513e2c5.jpg,416,416,Bushes,76,33,327,389
istockphoto-941440318-612x612_jpg.rf.d9b2081d54c2b8d2d7154c76c154a40f.jpg,416,416,Bushes,11,51,416,388
istockphoto-177273450-612x612_jpg.rf.db260ae8fa9fdc644171583ae9fdd648.jpg,416,416,Bushes,9,91,410,357
10-Evergreens-to-Beautify-Your-Garden-Year-Round_jpg.rf.d44fed4e80a5a177e59fc0828e24d696.jpg,416,416,Bushes,0,0,415,415
images_jpg.rf.ddfd238c8cc328e7a698fd17d899f705.jpg,416,416,Bushes,122,79,308,353
22-of-the-Best-Plants-You-Can-Use-for-Hedges_jpg.rf.daab473b7c702358a52bd7c4949d2f83.jpg,416,416,Bushes,0,26,415,324
20220423_201009_jpg.rf.dc2ff82e830d4dbd7a36a667b5576cc3.jpg,416,416,Bushes,108,42,303,335
8800-7313f12f-30ec-43e4-8c4e-422963348a23_jpg.rf.dab202cbe61ccd985d323ce52fba8863.jpg,416,416,Bushes,22,14,381,287
20220423_201019_jpg.rf.e08a7d0a308646923e1bb5a1369fc635.jpg,416,416,Bushes,117,50,296,353
api_thumb_450--12-_jpg.rf.e1b2922be451b6d5d62d06f59e703472.jpg,416,416,Bushes,0,2,407,415
20220423_201037_jpg.rf.e0503734a08fffdf8ded55ebd956289b.jpg,416,416,Bushes,107,36,303,357
photo_2021-11-13_22-52-48_jpg.rf.e2c35357b0664ce1cb81652059591ebe.jpg,416,416,Bushes,97,0,391,310
istockphoto-950705866-612x612_jpg.rf.e63dbdbd3f19de78f0ef98878336096c.jpg,416,416,Bushes,35,27,374,381
istockphoto-185726237-612x612_jpg.rf.e3a812e7bea2c2cfa95d1c2664719d9e.jpg,416,416,Bushes,34,49,384,263
istockphoto-950705866-612x612_jpg.rf.e2eea01715b04142d8e06a4085c9a88a.jpg,416,416,Bushes,40,24,385,383
Golden-Euonymus_jpg.rf.e091b4fbce184a78b3e5c10af888cfca.jpg,416,416,Bushes,43,118,361,399
photo_2021-11-13_22-52-48_jpg.rf.e1d0458d247cdd1c9cff1675b72dcfd2.jpg,416,416,Bushes,97,0,397,314
photo_2021-11-13_22-52-50--2-_jpg.rf.dd6e5c067f9996912c497f7a08a9335a.jpg,416,416,Bushes,125,0,393,207
7-25-11-MARY-photo-9--1-_jpg.rf.e3100a56b161834b40e2db6e3273cdc6.jpg,416,416,Bushes,45,16,411,413
photo_2021-11-13_22-52-46--4-_jpg.rf.d6e9b41d16a61595c16b8b0e505f2c18.jpg,416,416,Bushes,122,68,232,253
Danielle-Moss-How-to-Plant-a-Boxwood-5_jpg.rf.e29f4832a215c4591be59bccab79498b.jpg,416,416,Bushes,36,95,302,279
evergreen-shrubs-1645891288_jpeg.rf.e764db3a2901a2cfcf536405734cce90.jpg,416,416,Bushes,15,41,126,250
evergreen-shrubs-1645891288_jpeg.rf.e764db3a2901a2cfcf536405734cce90.jpg,416,416,Bushes,115,22,246,268
evergreen-shrubs-1645891288_jpeg.rf.e764db3a2901a2cfcf536405734cce90.jpg,416,416,Bushes,273,38,390,286
evergreen-shrubs-1645891288_jpeg.rf.e764db3a2901a2cfcf536405734cce90.jpg,416,416,Bushes,0,197,180,380
evergreen-shrubs-1645891288_jpeg.rf.e764db3a2901a2cfcf536405734cce90.jpg,416,416,Bushes,170,202,357,394
20220423_201150_jpg.rf.e558332b7d63a9a56e5a6d6f72af54e1.jpg,416,416,Bushes,75,0,301,337
Larrea-tridentata-sheared_jpg.rf.e8400262116c0f6e2a1994d6eb643d3b.jpg,416,416,Bushes,0,10,393,397
Document_jpg.rf.e15d2bd48bc7da3c239ce49d04b32010.jpg,416,416,Bushes,29,39,415,384
istockphoto-177091272-612x612_jpg.rf.e7675cc06a121f6a2c3b52e1cb8bf190.jpg,416,416,Bushes,29,2,400,414
How-to-add-IMPACT-to-your-Gardens_jpg.rf.e5314ecbed8c90813d071aa65dc2f07a.jpg,416,416,Bushes,10,35,384,390
photo_2021-11-13_22-52-43_jpg.rf.e73a1a0271fd4bc306bc0bdc5141382a.jpg,416,416,Bushes,96,0,272,267
istockphoto-1032806732-612x612_jpg.rf.e87ed2775933f047936c6355ac77c985.jpg,416,416,Bushes,34,4,386,403
Larrea-tridentata-sheared_jpg.rf.e80a23d4cbe71dc668023e5bc1b57791.jpg,416,416,Bushes,32,18,407,386
istockphoto-941440318-612x612_jpg.rf.e63efda0a242646c92cc9e8f2e8cab99.jpg,416,416,Bushes,22,63,407,375
Best-Topiary-Plants_jpg.rf.cadc1a332688666b3c2b9c4605964cf6.jpg,416,416,Bushes,61,15,211,319
Boxwood---FineGardening_jpg.rf.d67711ebf480ef3a7a3fe8abc73d0b17.jpg,416,416,Bushes,12,0,402,415
photo_2021-11-13_22-52-46--6-_jpg.rf.e4de5faba2bec87b0f5caa70f1e0958b.jpg,416,416,Bushes,136,0,272,276